score,state,as_of,range_validated,ceiling,range_width_pct,trend_drift_pct,floor_test_spread_pct,lower_band_drift_pct,median_regime_drop_pct,later_floor_wick_breaches,support_confirmed_at,range_start,range_sessions,first_visit,last_visit,visit_span_sessions,floor,floor_zone_high,floor_zone_pct,last_close,day_low,day_return_pct,distance_to_floor_pct,distance_to_zone_pct,current_touch,current_episode_days,last_visit_age,visit_count,touching_days,visit_density_20,recent_visit_count,recent_visit_sessions,max_visit_gap_sessions,recent_successful_rebounds,successful_rebounds,historical_visits,rebound_reliability_pct,median_bounce_pct,decline_pct,prior_peak,median_dollar_volume_20,lowest_wick,ticker,rank
92.39,VISITANDO_SUELO,2026-10-01,True,47.6,7.94,-0.41,2.83,1.31,11.88,0,2026-08-26,2026-08-12,36,2026-08-12,2026-09-29,34,44.099998,45.643498,3.5,45.189999,44.330002,-0.88,2.47,-0.99,True,3,0,8,21,4.71,8,40,12,4,4,7,57.1,7.19,15.73,52.330002,6680358.05,44.099998,KOP,1
84.99,VISITANDO_SUELO,2026-10-01,True,7.88,12.89,0.75,3.3,1.78,24.36,0,2026-09-17,2026-09-01,22,2026-09-01,2026-10-01,22,6.98,7.2243,3.5,7.12,7.12,-2.86,2.01,-1.44,True,1,0,5,10,4.55,5,40,12,4,4,4,100.0,10.46,28.35,9.77,467624656.56,6.98,ONDS,2
81.3,VISITANDO_SUELO,2026-10-01,True,4.46775,10.31,-4.14,3.46,0.32,10.96,0,2026-09-17,2026-09-01,22,2026-09-01,2026-09-24,17,4.05,4.19175,3.5,4.11,4.05,-1.44,1.48,-1.95,True,6,0,4,14,4.71,4,40,12,3,3,3,100.0,7.87,15.45,4.79,3072299.94,4.05,ASTL,3
78.99,VISITANDO_SUELO,2026-10-01,True,65.461002,17.52,-2.58,3.18,-0.18,18.58,0,2026-09-15,2026-09-01,22,2026-09-01,2026-10-01,22,55.700001,57.649501,3.5,57.040001,56.919998,-3.09,2.41,-1.06,True,1,0,4,4,3.64,4,40,12,3,3,3,100.0,13.82,25.04,74.309998,526783496.43,55.700001,ASTS,4
76.67,VISITANDO_SUELO,2026-10-01,True,366.584489,9.16,-2.68,3.43,0.3,17.0,0,2026-09-22,2026-09-03,20,2026-09-03,2026-10-01,20,335.809998,347.563347,3.5,343.640015,343.290009,-2.15,2.33,-1.13,True,1,0,5,8,5.0,5,40,12,2,2,4,50.0,9.01,19.97,427.76001,8411590441.71,335.809998,AVGO,5
76.38,VISITANDO_SUELO,2026-10-01,True,164.235005,18.74,0.04,1.67,1.49,23.27,0,2026-09-18,2026-09-03,20,2026-09-03,2026-09-29,18,138.309998,143.150847,3.5,140.309998,138.399994,-1.34,1.45,-1.98,True,3,0,3,7,3.33,3,40,12,2,2,2,100.0,14.85,28.26,196.020004,239928342.4,138.309998,AVAV,6
75.06,VISITANDO_SUELO,2026-10-01,True,23.036,8.21,1.37,3.29,3.99,22.89,0,2026-09-22,2026-09-08,18,2026-09-08,2026-10-01,18,21.289,22.034115,3.5,21.709999,21.700001,-2.6,1.98,-1.47,True,1,0,3,6,3.33,3,40,12,2,2,2,100.0,6.84,26.94,29.139999,5099712.18,21.289,TCMD,7
74.99,VISITANDO_SUELO,2026-10-01,True,187.159996,7.95,-0.98,1.99,-0.82,24.88,0,2026-09-16,2026-08-26,26,2026-08-26,2026-09-24,21,173.369995,179.437945,3.5,176.350006,173.949997,0.82,1.72,-1.72,True,6,0,3,14,2.86,3,40,12,2,2,2,100.0,7.8,28.05,240.960007,113566820.24,173.369995,DVA,8
74.72,EN_RANGO,2026-10-01,True,117.622002,16.72,3.8,3.27,1.54,14.53,0,2026-09-09,2026-08-25,27,2026-08-25,2026-10-01,27,100.769997,104.296947,3.5,106.93,104.0,0.55,6.11,2.52,True,1,0,5,10,3.7,5,40,12,4,4,4,100.0,9.95,16.94,125.290001,493766193.22,100.769997,AKAM,9
74.4,CERCA_DEL_SUELO,2026-10-01,True,11.75,15.88,5.25,2.86,2.54,20.9,0,2026-09-11,2026-09-02,21,2026-09-02,2026-09-30,20,10.14,10.4949,3.5,10.57,10.375,1.25,4.24,0.72,True,2,0,4,9,4.0,4,40,12,3,3,3,100.0,13.4,25.39,13.59,137859992.2,10.14,RDW,10
72.72,CERCA_DEL_SUELO,2026-10-01,True,3.298,15.72,6.04,1.05,3.28,8.43,0,2026-09-15,2026-09-01,22,2026-09-01,2026-10-01,22,2.85,2.94975,3.5,2.99,2.88,0.0,4.91,1.36,True,1,0,4,9,3.64,4,40,12,3,3,3,100.0,11.75,14.16,3.32,15579301.05,2.85,SPCE,11
71.75,CERCA_DEL_SUELO,2026-10-01,True,531.802005,8.47,-1.92,3.21,0.5,14.83,0,2026-09-14,2026-08-28,24,2026-08-28,2026-09-29,22,490.290009,507.450159,3.5,511.369995,500.01001,1.46,4.3,0.77,True,3,0,5,9,4.55,5,40,12,2,2,4,50.0,8.38,17.55,607.76001,124162062.35,490.290009,MUSA,12
71.62,VISITANDO_SUELO,2026-10-01,True,24.744,6.38,1.73,1.93,1.25,12.43,0,2026-09-25,2026-09-01,22,2026-09-01,2026-09-29,20,23.26,24.0741,3.5,24.040001,23.85,0.12,3.35,-0.14,True,3,0,3,16,3.0,3,40,12,2,2,2,100.0,5.86,15.97,27.68,23434329.17,23.26,CAE,13
70.1,CERCA_DEL_SUELO,2026-10-01,True,40.222501,9.9,0.31,3.31,-0.73,19.87,0,2026-09-30,2026-09-10,16,2026-09-10,2026-10-01,16,36.599998,37.880998,3.5,38.049999,37.810001,-2.76,3.96,0.45,True,1,0,3,7,3.75,3,40,12,2,2,2,100.0,9.23,24.05,48.189999,12895068.08,36.599998,SEPN,14
69.37,EN_RANGO,2026-10-01,True,82.490002,9.49,4.0,3.19,2.85,10.3,0,2026-09-22,2026-09-09,17,2026-09-09,2026-10-01,17,75.339996,77.976896,3.5,80.050003,75.900002,-0.07,6.25,2.66,True,1,0,4,9,4.71,4,40,12,3,3,3,100.0,8.23,14.79,88.419998,39135367.96,75.339996,MSGE,15
69.05,EN_RANGO,2026-10-01,True,19.764,8.77,-2.53,2.92,-2.15,13.23,0,2026-09-17,2026-09-01,22,2026-09-01,2026-10-01,22,18.17,18.80595,3.5,19.42,18.700001,2.26,6.88,3.27,True,1,0,5,11,4.55,5,40,12,3,3,4,75.0,5.78,17.52,22.030001,6041935.99,18.17,MTUS,16
68.34,EN_RANGO,2026-10-01,True,73.842501,11.83,-2.57,1.73,-1.04,9.22,0,2026-09-25,2026-09-10,16,2026-09-10,2026-10-01,16,66.029999,68.341049,3.5,70.43,67.150002,1.73,6.66,3.06,True,1,0,4,7,5.0,4,40,12,3,3,3,100.0,8.58,15.72,78.349998,281756993.17,66.029999,AFRM,17
67.79,CERCA_DEL_SUELO,2026-10-01,True,26.766001,10.79,-2.64,3.49,-0.8,19.27,1,2026-09-22,2026-09-01,22,2026-09-01,2026-09-23,16,24.16,25.0056,3.5,25.34,24.709999,-1.02,4.88,1.34,True,7,0,3,16,3.75,3,40,12,2,2,2,100.0,9.88,22.59,31.209999,19509463.46,23.548201,ADEA,18
67.52,CERCA_DEL_SUELO,2026-10-01,True,17.685499,24.2,-3.38,1.4,1.3,14.27,0,2026-09-22,2026-09-01,22,2026-09-01,2026-09-30,21,14.24,14.7384,3.5,14.91,14.36,0.74,4.71,1.16,True,2,0,3,6,2.86,3,40,12,2,2,2,100.0,25.57,24.58,18.879999,439991726.7,14.24,WULF,19
67.43,CERCA_DEL_SUELO,2026-10-01,True,18.9015,21.09,-3.39,3.22,-0.73,23.91,0,2026-09-22,2026-09-01,22,2026-09-01,2026-09-30,21,15.61,16.15635,3.5,16.35,15.51,2.32,4.74,1.2,True,2,0,3,5,2.86,3,40,12,2,2,2,100.0,20.36,31.57,22.809999,185397452.87,15.51,CORZ,20
67.27,EN_RANGO,2026-10-01,True,65.904997,7.6,0.4,2.71,0.03,13.25,0,2026-09-22,2026-09-10,16,2026-09-10,2026-09-30,15,61.25,63.39375,3.5,64.370003,61.169998,2.42,5.09,1.54,True,2,0,3,7,4.0,3,40,12,2,2,2,100.0,7.11,17.44,74.190002,53653577.64,61.169998,MTH,21
64.27,EN_RANGO,2026-10-01,True,9.50225,9.05,3.33,3.4,1.98,16.59,1,2026-09-11,2026-09-03,20,2026-09-03,2026-10-01,20,8.714,9.01899,3.5,9.48,8.93,4.06,8.79,5.11,True,1,0,5,8,5.0,5,40,12,3,3,4,75.0,7.21,20.16,11.06,7491382.32,8.714,CTOS,22
63.02,EN_RANGO,2026-10-01,True,133.875497,7.48,2.07,2.4,3.22,13.82,0,2026-09-04,2026-08-20,30,2026-08-20,2026-09-24,25,124.559998,128.919597,3.5,132.520004,129.550003,0.51,6.39,2.79,False,0,4,4,14,3.2,4,40,12,3,3,3,100.0,6.82,15.59,150.779999,45843987.28,124.559998,CPA,23
62.81,EN_RANGO,2026-10-01,True,1053.510474,8.88,3.35,0.59,2.07,12.93,0,2026-09-21,2026-09-03,20,2026-09-03,2026-09-29,18,967.580017,1001.445318,3.5,1034.109985,990.719971,3.33,6.88,3.26,True,3,0,3,12,3.33,3,40,12,2,2,2,100.0,7.78,16.93,1164.819946,463042054.63,967.580017,URI,24
61.24,EN_RANGO,2026-10-01,True,774.517484,7.26,2.22,2.48,3.0,12.69,0,2026-09-11,2026-09-01,22,2026-09-01,2026-09-24,17,722.080017,747.352818,3.5,769.030029,750.299988,1.93,6.5,2.9,False,0,5,4,12,4.71,4,40,12,3,3,3,100.0,5.76,16.28,862.539978,253150412.97,722.080017,EME,25
58.76,EN_RANGO,2026-10-01,True,37.709999,13.24,-1.56,3.18,-0.53,10.34,0,2026-09-22,2026-09-02,21,2026-09-02,2026-09-28,18,33.299999,34.465499,3.5,35.73,34.580002,2.38,7.3,3.67,False,0,2,3,7,3.33,3,40,12,2,2,2,100.0,8.52,16.44,39.849998,4676231.81,33.299999,CCSI,26
58.64,EN_RANGO,2026-10-01,True,78.220498,11.55,0.45,2.77,-1.66,18.16,0,2026-09-11,2026-09-01,22,2026-09-01,2026-09-24,17,70.120003,72.574203,3.5,76.25,72.900002,2.32,8.74,5.06,False,0,3,4,7,4.71,4,40,12,3,3,3,100.0,10.18,22.82,90.849998,95389104.29,70.099998,PRIM,27
58.32,EN_RANGO,2026-10-01,True,199.061002,15.17,2.87,3.14,1.36,13.76,0,2026-09-11,2026-09-01,22,2026-09-01,2026-09-28,19,172.839996,178.889396,3.5,189.210007,181.149994,1.07,9.47,5.77,False,0,2,4,9,4.21,4,40,12,3,3,3,100.0,14.65,20.26,216.75,237868623.87,172.839996,MOD,28
53.28,EN_RANGO,2026-10-01,True,31.87125,19.23,-6.23,2.73,-1.04,12.05,0,2026-09-14,2026-08-18,32,2026-08-18,2026-09-24,27,26.73,27.66555,3.5,29.299999,28.639999,-1.64,9.61,5.91,False,0,5,4,12,2.96,4,40,12,3,3,3,100.0,15.84,16.37,32.740002,238247849.7,26.73,HIMS,29
51.25,EN_RANGO,2026-10-01,True,239.345001,10.14,0.98,3.16,0.35,21.82,0,2026-08-19,2026-08-03,43,2026-08-03,2026-09-14,30,217.300003,224.905503,3.5,239.190002,235.009995,0.7,10.07,6.35,False,0,9,5,21,3.33,4,40,12,2,3,4,75.0,9.22,25.33,292.26001,735629905.23,216.660004,NXPI,30
49.81,EN_RANGO,2026-10-01,True,490.143509,20.29,-3.91,3.38,-0.95,22.11,0,2026-08-27,2026-08-06,40,2026-08-06,2026-09-14,27,407.480011,421.741811,3.5,462.559998,440.049988,1.78,13.52,9.68,False,0,10,4,7,2.96,4,40,12,3,3,3,100.0,17.73,30.06,582.590027,3043073118.45,407.119995,WDC,31
49.5,EN_RANGO,2026-10-01,True,27.224999,13.01,6.17,2.45,3.12,16.44,0,2026-09-15,2026-08-26,26,2026-08-26,2026-09-29,24,24.09,24.93315,3.5,27.6,26.870001,1.81,14.57,10.7,False,0,2,3,11,2.5,3,40,12,2,2,2,100.0,11.23,20.07,30.84,24691102.52,24.09,ATEN,32
45.0,EN_RANGO,2026-10-01,True,30.1955,13.77,6.02,3.32,5.83,10.58,0,2026-08-27,2026-08-06,40,2026-08-06,2026-09-02,20,26.540001,27.468901,3.5,30.120001,29.41,1.04,13.49,9.65,False,0,20,3,8,3.0,3,40,12,2,2,2,100.0,11.72,15.53,32.130001,9911606.58,26.540001,RDWR,33
45.0,EN_RANGO,2026-10-01,True,161.37,15.89,5.15,2.23,5.57,11.79,0,2026-09-09,2026-08-24,28,2026-08-24,2026-09-14,15,139.25,144.12375,3.5,160.419998,151.149994,4.33,15.2,11.31,False,0,11,3,7,4.0,3,40,12,2,2,2,100.0,17.13,18.23,173.210007,1207680077.86,139.25,GLW,34
