score,state,as_of,range_start,range_sessions,first_visit,last_visit,visit_span_sessions,floor,floor_zone_high,floor_zone_pct,last_close,day_low,day_return_pct,distance_to_floor_pct,distance_to_zone_pct,current_touch,current_episode_days,last_visit_age,visit_count,touching_days,visit_density_20,successful_rebounds,historical_visits,rebound_reliability_pct,median_bounce_pct,decline_pct,prior_peak,median_dollar_volume_20,atr20,suggested_stop,stop_below_floor_pct,ticker,rank
93.69,VISITANDO_SUELO,2026-09-25,2026-06-17,70,2026-07-01,2026-09-25,61,987.789978,1022.362627,3.5,1008.080017,1005.940002,-2.58,2.05,-1.4,True,1,0,8,24,2.62,5,7,71.4,8.21,11.48,1115.939941,529077823.98,27.044504,977.912078,1.0,EQIX,1
91.5,VISITANDO_SUELO,2026-09-25,2026-04-21,110,2026-04-21,2026-09-24,109,178.5,184.7475,3.5,182.669998,180.550003,-1.29,2.34,-1.12,True,2,0,8,42,1.47,7,7,100.0,6.34,20.65,224.960007,190365440.39,5.498999,176.715,1.0,TKO,2
91.19,VISITANDO_SUELO,2026-09-25,2026-05-19,90,2026-06-01,2026-09-22,79,68.519997,70.918197,3.5,69.260002,68.82,-1.87,1.08,-2.34,True,4,0,9,26,2.28,4,8,50.0,9.23,13.7,79.400002,514762928.97,1.7645,67.834797,1.0,WMB,3
88.85,VISITANDO_SUELO,2026-09-25,2026-08-07,35,2026-08-12,2026-09-25,32,3.66,3.7881,3.5,3.75,3.74,-4.34,2.46,-1.01,True,1,0,6,8,3.75,5,5,100.0,13.81,13.48,4.23,19211022.32,0.2081,3.607975,1.42,GTM,4
87.88,VISITANDO_SUELO,2026-09-25,2026-04-21,110,2026-05-13,2026-09-08,81,72.839996,75.389396,3.5,74.519997,73.690002,0.34,2.31,-1.15,True,14,0,7,23,1.73,6,6,100.0,12.67,24.77,96.82,109598136.1,1.934999,72.111596,1.0,GMED,5
86.83,VISITANDO_SUELO,2026-09-25,2026-07-17,50,2026-07-17,2026-09-25,50,57.639999,59.657399,3.5,58.139999,57.639999,-3.39,0.87,-2.54,True,1,0,6,12,2.4,4,5,80.0,10.25,25.87,77.760002,207113450.55,2.1145,57.063599,1.0,LYB,6
86.44,CERCA_DEL_SUELO,2026-09-25,2026-08-07,35,2026-08-10,2026-09-24,33,3.94,4.0779,3.5,4.13,4.1,-1.43,4.82,1.28,False,0,1,7,12,4.24,6,6,100.0,11.54,17.4,4.77,6230406.07,0.1895,3.892625,1.2,IRWD,7
86.11,VISITANDO_SUELO,2026-09-25,2026-04-21,110,2026-05-12,2026-09-18,90,23.23,24.04305,3.5,23.85,23.290001,0.68,2.67,-0.8,True,6,0,7,15,1.56,6,6,100.0,11.76,17.71,28.23,9628960.91,0.87345,22.9977,1.0,RYZ,8
85.92,VISITANDO_SUELO,2026-09-25,2026-06-17,70,2026-06-29,2026-09-25,63,42.200001,43.677001,3.5,43.919998,43.330002,-1.7,4.08,0.56,True,1,0,7,18,2.22,6,6,100.0,8.72,35.76,65.690002,918703182.46,1.547,41.778001,1.0,BSX,9
85.64,VISITANDO_SUELO,2026-09-25,2026-08-07,35,2026-08-07,2026-09-18,30,225.190002,233.071653,3.5,225.509995,225.190002,-0.68,0.14,-3.24,True,6,0,6,24,4.0,2,5,40.0,7.55,31.6,329.230011,1116404343.7,6.662,222.938102,1.0,IBM,10
85.28,VISITANDO_SUELO,2026-09-25,2026-05-19,90,2026-05-19,2026-09-09,78,45.400002,46.989002,3.5,46.650002,46.470001,0.11,2.75,-0.72,True,13,0,9,32,2.31,3,8,37.5,11.8,14.02,52.799999,35354245.5,0.906,44.946002,1.0,ZWS,11
85.26,VISITANDO_SUELO,2026-09-25,2026-05-19,90,2026-06-09,2026-09-22,73,57.099998,59.098498,3.5,58.66,57.599998,1.66,2.73,-0.74,True,4,0,7,14,1.92,5,6,83.3,9.83,16.43,68.330002,90489714.25,2.1195,56.528998,1.0,CGNX,12
85.2,VISITANDO_SUELO,2026-09-25,2026-08-07,35,2026-08-07,2026-09-21,31,51.02,52.8057,3.5,52.509998,51.279999,0.15,2.92,-0.56,True,5,0,7,17,4.52,3,6,50.0,7.67,17.97,62.200001,50471757.08,1.65425,50.5098,1.0,CRC,13
85.01,VISITANDO_SUELO,2026-09-25,2026-08-07,35,2026-08-07,2026-09-25,35,63.630001,65.857051,3.5,66.809998,65.720001,-3.9,5.0,1.45,True,1,0,7,11,4.0,5,6,83.3,8.65,31.34,92.673332,47985461.6,2.586499,62.983376,1.02,SNEX,14
83.99,VISITANDO_SUELO,2026-09-25,2026-08-21,25,2026-08-21,2026-09-16,18,40.75,42.17625,3.5,41.73,41.23,0.72,2.4,-1.06,True,8,0,5,13,5.56,4,4,100.0,5.75,35.34,63.02,71626240.46,1.661,40.33475,1.02,AAP,15
83.92,VISITANDO_SUELO,2026-09-25,2026-08-07,35,2026-08-11,2026-09-24,32,32.169998,33.295948,3.5,32.470001,32.169998,-2.08,0.93,-2.48,True,2,0,5,7,3.12,3,4,75.0,9.58,35.51,49.880001,7767169.92,1.3155,31.841123,1.02,CVLG,16
83.75,VISITANDO_SUELO,2026-09-25,2026-08-07,35,2026-08-10,2026-09-25,34,2.575,2.665125,3.5,2.66,2.65,-0.75,3.3,-0.19,True,1,0,6,9,3.53,4,5,80.0,11.03,21.49,3.28,5432291.08,0.1246,2.54385,1.21,BMBL,17
83.69,VISITANDO_SUELO,2026-09-25,2026-07-17,50,2026-07-29,2026-09-24,41,26.620001,27.551701,3.5,28.09,27.43,1.04,5.52,1.95,True,2,0,7,15,3.41,5,6,83.3,10.99,25.25,35.610001,35597419.53,1.2775,26.300626,1.2,ACHC,18
83.42,VISITANDO_SUELO,2026-09-25,2026-08-07,35,2026-08-10,2026-09-24,33,12.725,13.170375,3.5,13.06,13.03,-0.23,2.63,-0.84,True,2,0,5,9,3.03,4,4,100.0,13.2,15.56,15.07,34806162.19,0.83885,12.515288,1.65,CMPS,19
83.27,VISITANDO_SUELO,2026-09-25,2026-05-19,90,2026-06-01,2026-09-18,77,70.010002,72.460352,3.5,71.639999,70.010002,1.03,2.33,-1.13,True,6,0,7,25,1.82,4,6,66.7,8.78,14.28,81.669998,238146501.15,1.708249,69.309902,1.0,QSR,20
83.22,VISITANDO_SUELO,2026-09-25,2026-08-07,35,2026-08-12,2026-09-18,27,23.48,24.3018,3.5,23.629999,23.48,-0.96,0.64,-2.76,True,6,0,4,12,2.96,3,3,100.0,7.93,14.99,27.620001,465020202.34,0.6236,23.2452,1.0,KHC,21
83.18,VISITANDO_SUELO,2026-09-25,2026-07-17,50,2026-07-17,2026-09-24,49,8.0,8.28,3.5,8.29,8.185,-0.36,3.62,0.12,True,2,0,6,11,2.45,5,5,100.0,10.85,28.51,11.19,3292772.78,0.37535,7.906163,1.17,PRTA,22
82.9,VISITANDO_SUELO,2026-09-25,2026-08-21,25,2026-08-21,2026-09-25,25,10.7,11.0745,3.5,10.79,10.7,-5.1,0.84,-2.57,True,1,0,4,6,3.2,3,3,100.0,7.51,35.58,16.610001,27668949.9,0.41775,10.593,1.0,CLBT,23
82.87,VISITANDO_SUELO,2026-09-25,2026-08-21,25,2026-09-01,2026-09-23,16,141.710007,146.669857,3.5,142.919998,141.899994,-0.67,0.85,-2.56,True,3,0,4,6,5.0,3,3,100.0,6.3,13.44,163.720001,250286806.86,5.895502,140.236131,1.04,WPM,24
82.7,VISITANDO_SUELO,2026-09-25,2026-08-07,35,2026-08-12,2026-09-23,30,44.099998,45.643498,3.5,46.27,45.509998,0.67,4.92,1.37,True,3,0,7,18,4.67,4,6,66.7,7.19,15.73,52.330002,7238962.49,1.3615,43.658998,1.0,KOP,25
82.28,REBOTE_RECIENTE,2026-09-25,2026-07-17,50,2026-07-17,2026-09-22,47,126.779999,131.217299,3.5,134.279999,132.119995,1.65,5.92,2.33,False,0,1,8,18,3.4,4,7,57.1,7.11,12.97,145.669998,1147411265.9,3.550001,125.512199,1.0,C,26
81.79,VISITANDO_SUELO,2026-09-25,2026-08-07,35,2026-08-13,2026-09-24,30,50.07,51.82245,3.5,50.380001,50.07,-0.49,0.62,-2.78,True,2,0,4,8,2.67,3,3,100.0,9.29,12.16,57.0,116658177.04,1.8705,49.5693,1.0,FLR,27
81.69,VISITANDO_SUELO,2026-09-25,2026-05-19,90,2026-05-19,2026-09-24,89,8.91,9.22185,3.5,9.13,9.05,0.11,2.47,-1.0,True,2,0,7,39,1.57,4,6,66.7,6.16,12.48,10.18,45491599.21,0.2005,8.8209,1.0,RITM,28
81.63,VISITANDO_SUELO,2026-09-25,2026-07-17,50,2026-07-30,2026-09-24,40,141.240005,146.183406,3.5,147.100006,145.399994,0.62,4.15,0.63,True,2,0,6,20,3.0,4,5,80.0,9.13,32.56,209.419998,194489358.45,3.791,139.827605,1.0,CHRW,29
81.1,VISITANDO_SUELO,2026-09-25,2026-08-21,25,2026-09-01,2026-09-25,18,109.129997,112.949547,3.5,111.379997,110.720001,-2.38,2.06,-1.39,True,1,0,5,9,5.56,3,4,75.0,5.65,17.98,133.059998,191365200.65,3.397001,108.038697,1.0,IRM,30
80.87,CERCA_DEL_SUELO,2026-09-25,2026-08-07,35,2026-08-12,2026-09-23,30,297.5,307.9125,3.5,310.75,308.329987,-0.55,4.45,0.92,False,0,2,6,19,4.0,5,5,100.0,8.74,51.52,613.700012,1319600536.96,15.867804,293.533049,1.33,APP,31
80.81,VISITANDO_SUELO,2026-09-25,2026-08-07,35,2026-08-10,2026-09-22,31,25.110001,25.988851,3.5,25.32,25.110001,0.48,0.84,-2.57,True,4,0,4,8,2.58,3,3,100.0,10.69,18.79,30.92,21321463.05,0.966,24.858901,1.0,KMPR,32
80.61,VISITANDO_SUELO,2026-09-25,2026-08-07,35,2026-08-07,2026-09-23,33,11.6,12.006,3.5,11.67,11.6,-2.34,0.6,-2.8,True,3,0,4,12,2.42,3,3,100.0,7.55,29.1,16.360001,90593643.78,0.3768,11.484,1.0,ACI,33
80.16,VISITANDO_SUELO,2026-09-25,2026-06-17,70,2026-07-08,2026-09-24,56,109.620003,113.456703,3.5,114.25,112.980003,1.32,4.22,0.7,True,2,0,6,26,2.14,5,5,100.0,7.87,12.21,124.870003,17645222.02,3.5245,108.523803,1.0,LNN,34
80.06,VISITANDO_SUELO,2026-09-25,2026-05-19,90,2026-05-19,2026-09-23,88,11.98,12.3993,3.5,12.16,12.16,-0.98,1.5,-1.93,True,3,0,6,12,1.36,4,5,80.0,13.55,19.33,14.85,21818693.74,0.498,11.8555,1.04,CWK,35
79.97,VISITANDO_SUELO,2026-09-25,2026-08-21,25,2026-08-24,2026-09-23,22,5.97,6.17895,3.5,6.09,5.97,-0.81,2.01,-1.44,True,3,0,4,11,3.64,3,3,100.0,7.68,38.58,9.72,18876859.83,0.237,5.9103,1.0,TDOC,36
79.82,VISITANDO_SUELO,2026-09-25,2026-07-17,50,2026-07-23,2026-09-22,43,185.800003,192.303003,3.5,190.860001,189.320007,-1.27,2.72,-0.75,True,4,0,5,11,2.33,4,4,100.0,11.63,23.5,242.880005,115425669.74,6.8925,183.942003,1.0,MOH,37
79.63,VISITANDO_SUELO,2026-09-25,2026-04-21,110,2026-05-13,2026-09-08,81,537.359985,556.167585,3.5,551.359985,547.47998,-0.85,2.61,-0.86,True,14,0,7,28,1.73,3,6,50.0,16.26,11.62,608.039978,276877397.27,12.285004,531.986385,1.0,MSCI,38
79.55,VISITANDO_SUELO,2026-09-25,2026-08-07,35,2026-08-07,2026-09-25,35,1.54,1.5939,3.5,1.6,1.59,-2.44,3.9,0.38,True,1,0,5,14,2.86,4,4,100.0,13.43,35.29,2.38,2276190.53,0.0795,1.520125,1.29,CLNE,39
79.54,CERCA_DEL_SUELO,2026-09-25,2026-04-21,110,2026-04-21,2026-09-22,107,85.580002,88.575302,3.5,89.599998,88.800003,1.11,4.7,1.16,False,0,1,9,30,1.68,5,8,62.5,10.63,11.21,96.389999,10426195.96,1.881501,84.724202,1.0,MCB,40
79.18,REBOTE_RECIENTE,2026-09-25,2026-06-17,70,2026-06-17,2026-09-21,66,24.9,25.7715,3.5,26.16,25.9,0.62,5.06,1.51,False,0,4,8,16,2.42,5,7,71.4,8.24,17.85,30.309999,60340317.29,0.748,24.651,1.0,BF-B,41
79.1,VISITANDO_SUELO,2026-09-25,2026-08-21,25,2026-09-14,2026-09-23,8,66.650002,68.982752,3.5,66.889999,66.650002,-0.34,0.36,-3.03,True,3,0,3,8,7.5,2,2,100.0,6.0,19.05,82.330002,70133256.72,2.598,65.983502,1.0,SQM,42
79.04,VISITANDO_SUELO,2026-09-25,2026-06-17,70,2026-07-01,2026-09-21,57,40.169998,41.575948,3.5,40.93,40.91,-1.71,1.89,-1.55,True,5,0,5,16,1.75,4,4,100.0,8.98,21.16,50.950001,61480969.14,1.07985,39.768298,1.0,VNOM,43
78.93,VISITANDO_SUELO,2026-09-25,2026-07-17,50,2026-07-28,2026-09-15,35,398.73999,412.69589,3.5,403.299988,398.73999,0.01,1.14,-2.28,True,9,0,5,25,2.86,2,4,50.0,8.09,12.82,457.380005,688593036.61,10.784003,394.75259,1.0,SPGI,44
78.89,VISITANDO_SUELO,2026-09-25,2026-08-07,35,2026-08-07,2026-09-23,33,134.5,139.2075,3.5,138.460007,136.024994,0.38,2.94,-0.54,True,3,0,5,16,3.03,3,4,75.0,11.45,20.4,168.979996,628864743.89,4.424353,133.155,1.0,VST,45
78.69,VISITANDO_SUELO,2026-09-25,2026-08-07,35,2026-08-07,2026-09-24,34,171.399994,177.398994,3.5,178.470001,174.669998,2.18,4.12,0.6,True,2,0,6,17,3.53,3,5,60.0,6.49,28.87,240.960007,114025787.42,5.290998,169.685994,1.0,DVA,46
78.68,VISITANDO_SUELO,2026-09-25,2026-08-07,35,2026-08-07,2026-09-23,33,25.094999,25.973324,3.5,25.440001,25.389,-2.04,1.37,-2.05,True,3,0,4,22,2.42,3,3,100.0,8.37,22.45,32.360001,25589138.44,0.737,24.844049,1.0,PGNY,47
78.67,VISITANDO_SUELO,2026-09-25,2026-06-17,70,2026-07-02,2026-09-24,59,69.160004,71.580604,3.5,72.339996,71.18,1.77,4.6,1.06,True,2,0,6,10,2.03,5,5,100.0,7.8,24.19,91.230003,48885601.49,2.165,68.468404,1.0,PIPR,48
78.55,VISITANDO_SUELO,2026-09-25,2026-07-17,50,2026-07-17,2026-09-21,46,25.18,26.0613,3.5,25.540001,25.25,0.04,1.43,-2.0,True,5,0,5,23,2.17,3,4,75.0,7.13,16.9,30.299999,9673174.77,0.613,24.9282,1.0,USAC,49
78.4,VISITANDO_SUELO,2026-09-25,2026-08-21,25,2026-09-14,2026-09-23,8,40.650002,42.072752,3.5,40.91,40.650002,0.12,0.64,-2.76,True,3,0,3,7,7.5,2,2,100.0,5.67,15.96,48.369999,124876035.94,1.5585,40.243502,1.0,URA,50
78.38,VISITANDO_SUELO,2026-09-25,2026-07-17,50,2026-08-04,2026-09-10,27,54.619999,56.531699,3.5,55.52,55.255001,-0.13,1.65,-1.79,True,12,0,5,26,3.7,2,4,50.0,6.88,15.54,64.669998,17585250.94,1.08625,54.073799,1.0,IIPR,51
78.27,CERCA_DEL_SUELO,2026-09-25,2026-05-19,90,2026-06-01,2026-09-15,74,82.589996,85.480646,3.5,86.120003,85.559998,-0.14,4.27,0.75,False,0,2,7,25,1.89,5,6,83.3,9.67,16.91,99.400002,500465666.26,1.7735,81.764096,1.0,ORLY,52
78.07,VISITANDO_SUELO,2026-09-25,2026-08-21,25,2026-08-21,2026-09-21,21,502.630005,520.222055,3.5,516.559998,511.309998,0.65,2.77,-0.7,True,5,0,4,12,3.81,3,3,100.0,5.29,11.1,565.400024,108554202.59,16.220502,497.603705,1.0,MDGL,53
78.02,VISITANDO_SUELO,2026-09-25,2026-07-17,50,2026-07-30,2026-09-25,41,24.945,25.818075,3.5,25.860001,25.209999,-2.75,3.67,0.16,True,1,0,5,19,2.44,4,4,100.0,11.8,20.91,31.540001,33238211.69,1.65375,24.531562,1.66,MLYS,54
78.02,VISITANDO_SUELO,2026-09-25,2026-08-07,35,2026-08-07,2026-09-16,28,50.279999,52.039799,3.5,51.540001,51.02,0.21,2.51,-0.96,True,8,0,4,12,2.86,3,3,100.0,7.38,13.33,58.009998,743867581.62,1.949,49.777199,1.0,SLB,55
77.88,VISITANDO_SUELO,2026-09-25,2026-08-21,25,2026-08-21,2026-09-23,23,123.910004,128.246854,3.5,123.989998,123.910004,-1.31,0.06,-3.32,True,3,0,3,5,2.61,2,2,100.0,8.42,14.72,145.289993,27175387.0,3.787749,122.670904,1.0,PLMR,56
77.86,VISITANDO_SUELO,2026-09-25,2026-04-21,110,2026-05-04,2026-09-24,100,77.889999,80.616149,3.5,79.489998,78.489998,0.86,2.05,-1.4,True,2,0,6,23,1.2,4,5,80.0,7.96,29.04,109.769997,33028183.43,2.276001,77.111099,1.0,UFPI,57
77.83,VISITANDO_SUELO,2026-09-25,2026-07-17,50,2026-07-21,2026-09-25,48,23.4,24.219,3.5,24.110001,24.094999,-2.55,3.03,-0.45,True,1,0,5,10,2.08,4,4,100.0,10.17,22.44,30.17,103435518.14,0.8983,23.166,1.0,MGY,58
77.61,VISITANDO_SUELO,2026-09-25,2026-08-07,35,2026-08-11,2026-09-24,32,2.78,2.8773,3.5,2.94,2.85,2.08,5.76,2.18,True,2,0,6,13,3.75,4,5,80.0,7.95,28.72,3.9,3110464.07,0.1065,2.7522,1.0,CYH,59
77.5,VISITANDO_SUELO,2026-09-25,2026-06-17,70,2026-06-18,2026-09-24,68,10.3,10.6605,3.5,10.5,10.35,0.0,1.94,-1.51,True,2,0,5,11,1.47,4,4,100.0,9.88,28.77,14.46,185067133.38,0.317,10.197,1.0,INFY,60
77.42,VISITANDO_SUELO,2026-09-25,2026-08-21,25,2026-08-26,2026-09-25,22,36.665001,37.948276,3.5,37.959999,37.919998,-3.46,3.53,0.03,True,1,0,5,8,4.55,3,4,75.0,15.75,10.88,41.139999,228823697.55,2.24975,36.102563,1.53,IOT,61
77.28,VISITANDO_SUELO,2026-09-25,2026-08-21,25,2026-08-21,2026-09-22,22,54.189999,56.086649,3.5,54.779999,54.189999,-0.18,1.09,-2.33,True,4,0,4,10,3.64,2,3,66.7,5.91,17.43,65.629997,19447599.65,1.42305,53.648099,1.0,SKWD,62
77.24,VISITANDO_SUELO,2026-09-25,2026-08-21,25,2026-09-14,2026-09-24,9,2.72,2.8152,3.5,2.75,2.741,-2.83,1.1,-2.32,True,2,0,3,6,6.67,2,2,100.0,8.51,28.8,3.82,24407056.08,0.1454,2.68365,1.34,LAC,63
77.14,VISITANDO_SUELO,2026-09-25,2026-08-21,25,2026-09-01,2026-09-23,16,190.399994,197.063994,3.5,194.479996,192.419998,0.31,2.14,-1.31,True,3,0,5,10,6.25,2,4,50.0,6.8,15.04,224.110001,363447087.27,7.2075,188.495994,1.0,AEM,64
77.14,VISITANDO_SUELO,2026-09-25,2026-08-07,35,2026-08-20,2026-09-24,25,43.610001,45.136351,3.5,45.200001,43.999001,2.33,3.65,0.14,True,2,0,5,6,4.0,3,4,75.0,5.28,20.05,54.549999,59914510.23,1.41695,43.173901,1.0,GXO,65
77.03,VISITANDO_SUELO,2026-09-25,2026-08-21,25,2026-08-24,2026-09-23,22,18.17,18.80595,3.5,18.84,18.75,-0.53,3.69,0.18,True,3,0,5,10,4.55,3,4,75.0,9.22,17.52,22.030001,6201271.56,0.65155,17.9883,1.0,MTUS,66
76.93,CERCA_DEL_SUELO,2026-09-25,2026-08-07,35,2026-08-07,2026-09-24,34,11.243,11.636505,3.5,11.75,11.665,-3.37,4.51,0.98,False,0,1,5,6,2.94,4,4,100.0,11.34,36.98,17.84,45470263.81,0.63685,11.083788,1.42,NTLA,67
76.8,VISITANDO_SUELO,2026-09-25,2026-08-07,35,2026-08-07,2026-09-22,32,106.57,110.29995,3.5,109.0,108.199997,-1.1,2.28,-1.18,True,4,0,4,9,2.5,3,3,100.0,10.35,18.9,131.410004,214401166.55,4.591999,105.422,1.08,BG,68
76.75,VISITANDO_SUELO,2026-09-25,2026-08-21,25,2026-09-14,2026-09-24,9,42.27,43.74945,3.5,42.82,42.27,-2.1,1.3,-2.12,True,2,0,4,7,8.89,2,3,66.7,7.06,12.08,48.080002,51135325.78,1.6863,41.8473,1.0,NE,69
76.74,VISITANDO_SUELO,2026-09-25,2026-08-21,25,2026-09-01,2026-09-24,17,19.07,19.73745,3.5,19.700001,19.309999,1.76,3.3,-0.19,True,2,0,4,7,4.71,3,3,100.0,9.09,13.98,22.17,82076391.4,0.8565,18.855875,1.12,IAG,70
76.5,VISITANDO_SUELO,2026-09-25,2026-07-17,50,2026-07-17,2026-09-24,49,15.0,15.525,3.5,15.1,15.05,-1.63,0.67,-2.74,True,2,0,4,11,1.63,3,3,100.0,9.4,17.17,18.110001,2776031.5,0.6995,14.825125,1.17,NGL,71
76.47,VISITANDO_SUELO,2026-09-25,2026-05-19,90,2026-06-12,2026-09-24,72,1.37,1.41795,3.5,1.4,1.38,0.0,2.19,-1.27,True,2,0,5,13,1.39,4,4,100.0,20.16,42.92,2.4,3424325.03,0.075,1.35125,1.37,GEVO,72
76.45,VISITANDO_SUELO,2026-09-25,2026-08-21,25,2026-08-31,2026-09-24,18,49.23,50.95305,3.5,49.93,49.380001,-1.09,1.42,-2.01,True,2,0,3,8,3.33,2,2,100.0,11.68,11.44,55.59,86411806.39,1.831,48.7377,1.0,ARE,73
76.43,VISITANDO_SUELO,2026-09-25,2026-08-07,35,2026-08-18,2026-09-23,26,39.720001,41.110201,3.5,41.279999,40.529999,1.7,3.93,0.41,True,3,0,5,15,3.85,3,4,75.0,9.36,35.67,61.740002,8522134.25,1.4255,39.322801,1.0,ASTE,74
76.43,VISITANDO_SUELO,2026-09-25,2026-08-07,35,2026-08-18,2026-09-23,26,32.07,33.19245,3.5,33.169998,32.470001,0.97,3.43,-0.07,True,3,0,4,8,3.08,3,3,100.0,8.44,10.82,35.959999,33602779.49,1.437,31.71075,1.12,BVN,75
76.43,VISITANDO_SUELO,2026-09-25,2026-08-21,25,2026-09-01,2026-09-24,17,2.1,2.1735,3.5,2.13,2.125,-1.84,1.43,-2.0,True,2,0,3,4,3.53,2,2,100.0,8.7,49.15,4.13,2512355.94,0.09655,2.075862,1.15,PLTK,76
76.26,VISITANDO_SUELO,2026-09-25,2026-04-21,110,2026-05-15,2026-09-25,92,47.849998,49.524748,3.5,49.240002,49.0,-0.83,2.9,-0.57,True,1,0,6,11,1.3,4,5,80.0,7.56,19.14,59.18,147459882.61,0.983,47.371498,1.0,GSK,77
75.91,VISITANDO_SUELO,2026-09-25,2026-08-21,25,2026-08-31,2026-09-24,18,70.099998,72.553498,3.5,72.650002,70.099998,0.55,3.64,0.13,True,2,0,4,7,4.44,3,3,100.0,10.18,35.3,108.339996,90131089.24,2.897499,69.375624,1.03,PRIM,78
75.89,VISITANDO_SUELO,2026-09-25,2026-08-07,35,2026-08-19,2026-09-15,19,29.82,30.8637,3.5,30.309999,29.889999,0.8,1.64,-1.79,True,9,0,4,15,4.21,2,3,66.7,6.34,16.52,35.720001,7243184.9,0.76,29.5218,1.0,CARE,79
75.77,VISITANDO_SUELO,2026-09-25,2026-08-21,25,2026-08-28,2026-09-22,17,115.870003,119.925453,3.5,117.830002,115.870003,-3.06,1.69,-1.75,True,4,0,4,10,4.71,2,3,66.7,9.67,14.01,134.75,236614994.19,5.008001,114.618002,1.08,INSM,80
75.75,VISITANDO_SUELO,2026-09-25,2026-08-21,25,2026-08-31,2026-09-18,14,40.610001,42.031351,3.5,41.299999,41.049999,-0.39,1.7,-1.74,True,6,0,3,9,4.29,2,2,100.0,7.64,16.18,48.450001,28918643.96,1.52325,40.203901,1.0,PACS,81
75.53,VISITANDO_SUELO,2026-09-25,2026-08-21,25,2026-09-02,2026-09-23,15,175.470001,181.611451,3.5,178.610001,178.350006,-1.32,1.79,-1.65,True,3,0,4,8,5.33,2,3,66.7,6.16,12.33,200.149994,312704875.38,4.956,173.715301,1.0,DLR,82
75.5,VISITANDO_SUELO,2026-09-25,2026-07-17,50,2026-08-04,2026-09-15,30,85.620003,88.616703,3.5,86.589996,85.620003,-0.28,1.13,-2.29,True,9,0,4,13,2.67,2,3,66.7,7.16,14.83,100.529999,272459071.61,1.681498,84.763803,1.0,VTR,83
75.48,VISITANDO_SUELO,2026-09-25,2026-08-21,25,2026-08-21,2026-09-22,22,90.099998,93.253498,3.5,92.629997,90.559998,1.79,2.81,-0.67,True,4,0,5,13,4.55,2,4,50.0,6.03,13.62,104.309998,75060483.12,2.48925,89.198998,1.0,TIGO,84
75.45,VISITANDO_SUELO,2026-09-25,2026-08-07,35,2026-08-07,2026-09-23,33,332.209991,343.837341,3.5,341.070007,332.209991,0.83,2.67,-0.8,True,3,0,4,8,2.42,3,3,100.0,8.45,24.09,437.640015,116449393.12,14.123497,328.679117,1.06,TPL,85
75.42,VISITANDO_SUELO,2026-09-25,2026-08-07,35,2026-08-07,2026-09-16,28,387.679993,401.248792,3.5,393.679993,390.559998,-0.13,1.55,-1.89,True,8,0,4,12,2.86,2,3,66.7,10.72,11.68,438.970001,105269901.33,10.506999,383.803193,1.0,OIH,86
75.42,VISITANDO_SUELO,2026-09-25,2026-08-07,35,2026-08-11,2026-09-22,30,7.9,8.1765,3.5,8.15,7.98,0.99,3.16,-0.32,True,4,0,4,8,2.67,3,3,100.0,11.39,19.63,9.83,21575295.08,0.3075,7.821,1.0,UPWK,87
75.31,VISITANDO_SUELO,2026-09-25,2026-08-21,25,2026-08-24,2026-09-21,20,29.870001,30.915451,3.5,30.43,30.299999,-0.81,1.87,-1.57,True,5,0,3,13,3.0,2,2,100.0,9.04,28.8,41.950001,55324878.98,1.008,29.571301,1.0,AROC,88
75.2,VISITANDO_SUELO,2026-09-25,2026-06-17,70,2026-06-18,2026-09-15,61,166.039993,171.851393,3.5,166.369995,166.039993,-0.31,0.2,-3.19,True,9,0,5,23,1.64,2,4,50.0,11.14,21.25,210.839996,215958032.06,3.496001,164.379593,1.0,HSY,89
75.2,VISITANDO_SUELO,2026-09-25,2026-07-17,50,2026-07-17,2026-09-18,45,63.900002,66.136502,3.5,65.730003,64.160004,2.35,2.86,-0.61,True,6,0,5,18,2.22,3,4,75.0,9.28,17.82,77.760002,62043847.33,1.949499,63.261002,1.0,CMC,90
75.17,VISITANDO_SUELO,2026-09-25,2026-07-17,50,2026-07-24,2026-09-16,38,36.860001,38.150101,3.5,37.650002,37.259998,0.86,2.14,-1.31,True,8,0,4,19,2.11,3,3,100.0,7.33,13.27,42.5,2817078.56,0.847,36.491401,1.0,AROW,91
75.02,REBOTE_RECIENTE,2026-09-25,2026-08-21,25,2026-09-01,2026-09-24,17,76.714996,79.400021,3.5,80.849998,80.019997,1.1,5.39,1.83,False,0,1,5,7,5.88,4,4,100.0,8.86,40.56,129.070007,148409427.99,3.8546,75.751346,1.26,NXT,92
75.01,VISITANDO_SUELO,2026-09-25,2026-08-21,25,2026-09-01,2026-09-24,17,72.029999,74.551049,3.5,76.349998,72.410004,3.43,6.0,2.41,True,2,0,5,8,5.88,4,4,100.0,12.58,21.2,91.410004,11166312.39,4.2295,70.972624,1.47,BXC,93
74.69,VISITANDO_SUELO,2026-09-25,2026-08-07,35,2026-08-18,2026-09-23,26,86.690002,89.724153,3.5,87.330002,87.160004,-0.85,0.74,-2.67,True,3,0,3,7,2.31,2,2,100.0,8.78,28.74,121.660004,224327513.86,2.5855,85.823102,1.0,BIDU,94
74.66,VISITANDO_SUELO,2026-09-25,2026-06-17,70,2026-07-02,2026-09-24,59,30.709999,31.784849,3.5,30.969999,30.83,0.49,0.85,-2.56,True,2,0,4,7,1.36,3,3,100.0,7.83,23.68,40.240002,3594217.42,1.2545,30.396374,1.02,HY,95
74.66,VISITANDO_SUELO,2026-09-25,2026-08-21,25,2026-08-31,2026-09-23,17,15.91,16.46685,3.5,16.25,16.0,-0.73,2.14,-1.32,True,3,0,4,8,4.71,2,3,66.7,13.63,17.56,19.299999,20579971.33,0.73955,15.725112,1.16,HSAI,96
74.61,REBOTE_RECIENTE,2026-09-25,2026-08-21,25,2026-08-25,2026-09-24,22,722.080017,747.352818,3.5,762.210022,747.869995,1.36,5.56,1.99,False,0,1,5,16,4.55,4,4,100.0,6.01,16.9,868.880005,253150412.97,22.688995,714.859217,1.0,EME,97
74.52,VISITANDO_SUELO,2026-09-25,2026-06-17,70,2026-06-30,2026-09-18,57,69.519997,71.953197,3.5,71.050003,69.519997,1.11,2.2,-1.26,True,6,0,5,10,1.75,3,4,75.0,10.92,43.35,122.720001,312571929.91,1.8345,68.824797,1.0,ZTS,98
74.37,REBOTE_RECIENTE,2026-09-25,2026-08-21,25,2026-08-21,2026-09-23,23,5.13,5.30955,3.5,5.42,5.384,-0.18,5.65,2.08,False,0,1,5,9,4.35,4,4,100.0,15.68,11.4,5.79,171112203.07,0.27405,5.061488,1.34,SNAP,99
74.32,VISITANDO_SUELO,2026-09-25,2026-08-21,25,2026-08-31,2026-09-16,12,4.185,4.331475,3.5,4.28,4.185,1.18,2.27,-1.19,True,8,0,3,10,5.0,2,2,100.0,11.22,48.84,8.18,3627572.4,0.17575,4.141062,1.05,ARKO,100
74.22,REBOTE_RECIENTE,2026-09-25,2026-08-07,35,2026-08-07,2026-09-15,27,46.189999,47.806649,3.5,48.919998,48.419998,-0.61,5.91,2.33,False,0,2,6,22,4.44,4,5,80.0,7.04,12.2,52.610001,9935852.88,1.5307,45.728099,1.0,DFIN,101
74.21,VISITANDO_SUELO,2026-09-25,2026-07-17,50,2026-07-29,2026-09-21,38,455.100006,471.028506,3.5,466.829987,460.980011,0.32,2.58,-0.89,True,5,0,5,15,2.63,2,4,50.0,9.25,22.01,583.549988,70646665.2,11.009999,450.549006,1.0,VMI,102
74.17,VISITANDO_SUELO,2026-09-25,2026-08-21,25,2026-09-08,2026-09-25,14,160.039993,165.641393,3.5,163.770004,160.899994,-1.49,2.33,-1.13,True,1,0,3,5,4.29,2,2,100.0,7.82,16.59,191.869995,33164136.92,6.154,158.439593,1.0,SAM,103
74.12,VISITANDO_SUELO,2026-09-25,2026-08-21,25,2026-08-26,2026-09-23,20,60.990002,63.124652,3.5,63.950001,61.939999,2.63,4.85,1.31,True,3,0,5,8,5.0,3,4,75.0,7.83,22.39,78.589996,217344892.73,2.46,60.375002,1.01,SGI,104
73.71,VISITANDO_SUELO,2026-09-25,2026-08-07,35,2026-08-07,2026-09-22,32,11.34,11.7369,3.5,11.37,11.34,-2.65,0.26,-3.13,True,4,0,3,7,1.88,2,2,100.0,15.29,24.2,14.96,17311225.92,0.56985,11.197538,1.26,VERX,105
73.47,VISITANDO_SUELO,2026-09-25,2026-06-17,70,2026-07-16,2026-09-24,50,41.700001,43.159501,3.5,44.790001,42.759998,3.63,7.41,3.78,True,2,0,6,19,2.4,5,5,100.0,8.59,16.67,50.040001,62868084.57,1.5105,41.283001,1.0,TREX,106
73.29,VISITANDO_SUELO,2026-09-25,2026-06-17,70,2026-06-18,2026-09-22,66,40.66,42.0831,3.5,41.110001,40.66,0.42,1.11,-2.31,True,4,0,4,11,1.21,3,3,100.0,10.66,15.4,48.060001,102418905.23,0.69,40.2534,1.0,SNY,107
73.14,VISITANDO_SUELO,2026-09-25,2026-07-17,50,2026-07-17,2026-09-24,49,97.589996,101.005646,3.5,99.550003,99.254997,-1.17,2.01,-1.44,True,2,0,4,8,1.63,3,3,100.0,7.38,12.37,111.360001,361779097.6,3.618951,96.614096,1.0,SE,108
73.07,VISITANDO_SUELO,2026-09-25,2026-08-21,25,2026-09-02,2026-09-23,15,45.790001,47.392651,3.5,47.060001,46.145,1.38,2.77,-0.7,True,3,0,3,13,4.0,2,2,100.0,7.44,26.96,62.689999,120176934.32,1.99435,45.291413,1.09,FND,109
73.05,VISITANDO_SUELO,2026-09-25,2026-08-21,25,2026-08-28,2026-09-25,20,14.74,15.2559,3.5,15.15,15.03,-5.25,2.78,-0.69,True,1,0,3,6,3.0,2,2,100.0,16.7,27.67,20.379999,21401762.16,0.974,14.4965,1.65,GENB,110
72.57,VISITANDO_SUELO,2026-09-25,2026-08-07,35,2026-08-18,2026-09-17,22,246.210007,254.827357,3.5,252.179993,246.979996,1.77,2.42,-1.04,True,7,0,3,10,2.73,2,2,100.0,13.99,31.22,357.970001,61532390.74,10.497001,243.585756,1.07,GPI,111
72.56,VISITANDO_SUELO,2026-09-25,2026-08-21,25,2026-08-21,2026-09-22,22,125.339996,129.726896,3.5,129.070007,126.775002,1.24,2.98,-0.51,True,4,0,4,11,3.64,2,3,66.7,7.2,13.84,145.470001,105916977.53,4.348352,124.086596,1.0,HLI,112
72.55,VISITANDO_SUELO,2026-09-25,2026-07-17,50,2026-07-28,2026-09-24,42,16.77,17.35695,3.5,17.23,17.0,1.53,2.74,-0.73,True,2,0,5,11,2.38,2,4,50.0,9.91,29.39,23.75,106999299.81,0.376,16.6023,1.0,ICLN,113
72.53,VISITANDO_SUELO,2026-09-25,2026-07-17,50,2026-07-29,2026-09-18,37,147.660004,152.828104,3.5,152.550003,151.899994,0.58,3.31,-0.18,True,6,0,4,15,2.16,3,3,100.0,16.97,24.52,195.630005,27388887.38,6.322999,146.079254,1.07,KALU,114
72.51,VISITANDO_SUELO,2026-09-25,2026-07-17,50,2026-07-17,2026-09-23,48,33.759998,34.941598,3.5,34.490002,34.029999,0.0,2.16,-1.29,True,3,0,5,24,2.08,2,4,50.0,9.35,39.47,55.77,9021463.13,0.926,33.422398,1.0,AD,115
72.48,VISITANDO_SUELO,2026-09-25,2026-05-19,90,2026-05-19,2026-09-22,87,27.690001,28.659151,3.5,28.190001,28.02,0.68,1.81,-1.64,True,4,0,5,14,1.15,3,4,75.0,11.16,14.83,32.509998,28881352.2,0.715,27.413101,1.0,BBT,116
72.41,VISITANDO_SUELO,2026-09-25,2026-08-21,25,2026-08-21,2026-09-25,25,166.350006,172.172256,3.5,174.729996,171.949997,0.9,5.04,1.49,True,1,0,4,19,3.2,3,3,100.0,5.53,15.94,197.899994,32997027.77,3.892,164.686506,1.0,PSMT,117
71.9,CERCA_DEL_SUELO,2026-09-25,2026-08-21,25,2026-08-28,2026-09-24,19,4.31,4.46085,3.5,4.51,4.48,-0.66,4.64,1.1,False,0,1,4,8,4.21,3,3,100.0,10.67,38.95,7.06,2693797.98,0.1958,4.26105,1.14,EH,118
71.88,VISITANDO_SUELO,2026-09-25,2026-08-21,25,2026-09-03,2026-09-18,11,20.620001,21.341701,3.5,21.290001,20.9,1.14,3.25,-0.24,True,6,0,3,8,5.45,2,2,100.0,6.63,16.55,24.709999,12414424.79,0.7415,20.413801,1.0,ETD,119
71.68,VISITANDO_SUELO,2026-09-25,2026-08-21,25,2026-09-01,2026-09-24,17,82.93,85.83255,3.5,85.690002,85.629997,-1.61,3.33,-0.17,True,2,0,3,8,3.53,2,2,100.0,10.64,23.86,108.919998,112947326.32,4.035649,81.921088,1.22,SYRE,120
71.62,VISITANDO_SUELO,2026-09-25,2026-08-07,35,2026-08-14,2026-09-23,28,6.12,6.3342,3.5,6.43,6.31,0.78,5.07,1.51,True,3,0,4,15,2.86,3,3,100.0,10.77,32.23,9.03,2357499.5,0.286,6.0485,1.17,PSFE,121
71.52,VISITANDO_SUELO,2026-09-25,2026-08-21,25,2026-09-04,2026-09-25,15,45.990002,47.599652,3.5,47.549999,47.0,-2.18,3.39,-0.1,True,1,0,3,12,4.0,2,2,100.0,7.49,17.46,55.720001,27942198.91,2.12849,45.457879,1.16,WLY,122
71.49,VISITANDO_SUELO,2026-09-25,2026-06-17,70,2026-06-17,2026-09-22,67,75.849998,78.504748,3.5,77.209999,76.150002,0.55,1.79,-1.65,True,4,0,4,15,1.19,3,3,100.0,8.14,20.32,95.190002,42723951.58,1.691,75.091498,1.0,SR,123
71.32,REBOTE_RECIENTE,2026-09-25,2026-07-17,50,2026-07-29,2026-09-24,41,23.83,24.66405,3.5,25.200001,24.92,0.6,5.75,2.17,False,0,1,5,8,2.44,4,4,100.0,11.05,45.14,43.439999,33066277.13,1.2695,23.512625,1.33,MWH,124
71.29,VISITANDO_SUELO,2026-09-25,2026-08-21,25,2026-09-01,2026-09-23,16,44.299999,45.850499,3.5,46.73,45.509998,3.34,5.49,1.92,True,3,0,4,11,5.0,3,3,100.0,6.19,10.01,49.23,28836396.04,1.8395,43.840124,1.04,VGNT,125
71.28,VISITANDO_SUELO,2026-09-25,2026-08-07,35,2026-08-07,2026-09-23,33,55.650002,57.597752,3.5,56.950001,56.369999,1.59,2.34,-1.12,True,3,0,4,11,2.42,2,3,66.7,8.46,22.58,71.879997,11971303.21,1.6175,55.093502,1.0,PKX,126
71.28,VISITANDO_SUELO,2026-09-25,2026-07-17,50,2026-07-21,2026-09-23,46,31.299999,32.395499,3.5,31.33,31.299999,-2.12,0.1,-3.29,True,3,0,3,10,1.3,2,2,100.0,23.61,14.55,36.630001,394424172.09,1.1075,30.986999,1.0,CMG,127
71.13,VISITANDO_SUELO,2026-09-25,2026-08-21,25,2026-09-02,2026-09-21,13,41.41,42.85935,3.5,42.880001,42.060001,1.32,3.55,0.05,True,5,0,3,9,4.62,2,2,100.0,6.07,15.26,48.869999,348576589.28,1.3985,40.9959,1.0,B,128
70.92,VISITANDO_SUELO,2026-09-25,2026-07-17,50,2026-08-06,2026-09-24,35,5.65,5.84775,3.5,5.71,5.7,-2.56,1.06,-2.36,True,2,0,3,5,1.71,2,2,100.0,23.37,48.59,10.99,82976178.08,0.358,5.5605,1.58,LUMN,129
70.9,CERCA_DEL_SUELO,2026-09-25,2026-08-07,35,2026-08-20,2026-09-23,24,143.470001,148.491451,3.5,149.839996,149.820007,-1.89,4.44,0.91,False,0,2,4,8,3.33,3,3,100.0,14.77,29.42,203.270004,678252610.34,7.1452,141.683701,1.25,RDDT,130
70.79,VISITANDO_SUELO,2026-09-25,2026-06-17,70,2026-06-17,2026-09-17,64,84.985001,87.959476,3.5,86.839996,86.400002,-2.01,2.18,-1.27,True,7,0,4,22,1.25,3,3,100.0,6.55,16.8,102.150002,250131400.2,2.3471,84.135151,1.0,EXE,131
70.59,VISITANDO_SUELO,2026-09-25,2026-08-21,25,2026-08-21,2026-09-24,24,9.05,9.36675,3.5,9.3,9.05,1.53,2.76,-0.71,True,2,0,3,6,2.5,2,2,100.0,12.23,20.82,11.43,41502390.65,0.4035,8.949125,1.11,STNE,132
70.38,REBOTE_RECIENTE,2026-09-25,2026-04-21,110,2026-05-11,2026-09-24,95,68.050003,70.431753,3.5,72.940002,70.889999,1.94,7.19,3.56,False,0,1,8,19,1.68,3,7,42.9,16.58,13.52,78.690002,210509431.28,2.0868,67.369503,1.0,SYF,133
70.36,VISITANDO_SUELO,2026-09-25,2026-08-07,35,2026-08-17,2026-09-18,24,12.97,13.42395,3.5,13.47,13.215,0.3,3.86,0.34,True,6,0,4,11,3.33,2,3,66.7,9.04,14.05,15.09,2039527.02,0.345,12.8403,1.0,BOC,134
70.31,VISITANDO_SUELO,2026-09-25,2026-05-19,90,2026-05-19,2026-09-21,86,166.320007,172.141208,3.5,169.210007,167.5,0.33,1.74,-1.7,True,5,0,4,17,0.93,3,3,100.0,11.39,20.91,210.279999,191054956.86,5.900502,164.656807,1.0,VRSK,135
70.16,VISITANDO_SUELO,2026-09-25,2026-07-17,50,2026-07-29,2026-09-23,40,29.450001,30.480751,3.5,30.02,29.82,0.3,1.94,-1.51,True,3,0,4,8,2.0,2,3,66.7,12.77,37.33,46.990002,9191121.04,0.7665,29.155501,1.0,PBW,136
70.11,VISITANDO_SUELO,2026-09-25,2026-06-17,70,2026-06-22,2026-09-24,67,154.470001,159.876451,3.5,162.100006,159.330002,0.35,4.94,1.39,True,2,0,5,8,1.49,4,4,100.0,9.88,26.51,210.199997,56365381.64,6.541499,152.834626,1.06,NXST,137
69.73,REBOTE_RECIENTE,2026-09-25,2026-07-17,50,2026-07-24,2026-09-24,44,0.491,0.508185,3.5,0.535,0.533,1.13,8.96,5.28,False,0,1,6,14,2.73,5,5,100.0,32.8,65.9,1.44,10392851.7,0.04545,0.479637,2.31,SES,138
69.71,VIGILAR,2026-09-25,2026-04-21,110,2026-05-13,2026-08-12,63,8.42,8.7147,3.5,9.05,8.955,0.33,7.48,3.85,False,0,22,8,26,2.54,5,7,71.4,9.89,27.29,11.58,28051155.76,0.354,8.3315,1.05,PAGS,139
69.59,VISITANDO_SUELO,2026-09-25,2026-08-07,35,2026-08-19,2026-09-18,22,238.619995,246.971695,3.5,247.25,243.639999,-0.29,3.62,0.11,True,6,0,3,12,2.73,2,2,100.0,8.45,13.15,274.73999,271040301.25,7.6915,236.233795,1.0,NUE,140
69.55,VISITANDO_SUELO,2026-09-25,2026-07-17,50,2026-07-17,2026-09-24,49,32.419998,33.554698,3.5,34.450001,33.52,1.53,6.26,2.67,True,2,0,5,8,2.04,4,4,100.0,10.48,44.58,58.5,7236470.12,1.36785,32.078036,1.05,PAHC,141
69.45,VISITANDO_SUELO,2026-09-25,2026-07-17,50,2026-08-05,2026-09-03,22,78.220001,80.957701,3.5,81.519997,79.970001,0.87,4.22,0.69,True,16,0,4,30,3.64,2,3,66.7,5.8,26.05,105.779999,20888652.09,1.817499,77.437801,1.0,LMAT,142
69.39,CERCA_DEL_SUELO,2026-09-25,2026-07-17,50,2026-07-20,2026-09-21,45,27.280001,28.234801,3.5,28.450001,28.43,-5.48,4.29,0.76,False,0,4,5,9,2.22,4,4,100.0,10.95,21.47,34.740002,13692433.3,1.3105,26.952376,1.2,AVBP,143
69.31,VIGILAR,2026-09-25,2026-06-17,70,2026-06-29,2026-09-15,55,84.959999,87.933599,3.5,89.239998,88.529999,-0.65,5.04,1.49,False,0,6,6,13,2.18,5,5,100.0,8.74,12.25,96.82,346995522.13,2.939,84.110399,1.0,IBKR,144
69.29,VIGILAR,2026-09-25,2026-06-17,70,2026-06-24,2026-08-04,29,13.05,13.50675,3.5,13.87,13.76,-2.12,6.28,2.69,False,0,34,7,19,4.83,4,6,66.7,6.29,17.87,15.89,4503454.95,0.369,12.9195,1.0,SD,145
69.2,REBOTE_RECIENTE,2026-09-25,2026-08-21,25,2026-08-21,2026-09-24,24,7.52,7.7832,3.5,7.95,7.87,0.25,5.72,2.14,False,0,1,4,8,3.33,3,3,100.0,8.41,34.78,11.53,4268790.02,0.3644,7.4289,1.21,CRNC,146
69.1,VISITANDO_SUELO,2026-09-25,2026-08-07,35,2026-08-10,2026-09-24,33,4.8,4.968,3.5,5.05,4.93,1.41,5.21,1.65,True,2,0,4,8,2.42,3,3,100.0,9.58,27.71,6.64,3701692.57,0.1795,4.752,1.0,VNDA,147
68.86,VISITANDO_SUELO,2026-09-25,2026-08-21,25,2026-09-01,2026-09-24,17,73.849998,76.434748,3.5,77.139999,75.360001,1.37,4.45,0.92,True,2,0,3,14,3.53,2,2,100.0,7.2,14.72,86.599998,21479087.19,2.2608,73.111498,1.0,BCC,148
68.64,REBOTE_RECIENTE,2026-09-25,2026-08-07,35,2026-08-07,2026-09-22,32,24.799999,25.667999,3.5,26.77,26.110001,1.56,7.94,4.29,False,0,1,7,14,4.38,2,6,33.3,5.66,11.49,28.02,4225717.99,0.557,24.551999,1.0,CWBC,149
68.59,VISITANDO_SUELO,2026-09-25,2026-05-19,90,2026-05-19,2026-09-23,88,44.459999,46.016099,3.5,46.610001,44.970001,2.1,4.84,1.29,True,3,0,5,17,1.14,4,4,100.0,9.95,32.84,66.199997,23959260.35,1.6155,44.015399,1.0,PBH,150
68.41,VISITANDO_SUELO,2026-09-25,2026-08-21,25,2026-08-21,2026-09-25,25,65.769997,68.071947,3.5,68.82,68.059998,-0.09,4.64,1.1,True,1,0,4,9,3.2,2,3,66.7,5.38,12.21,74.919998,550846788.99,1.299,65.112297,1.0,MO,151
68.35,VISITANDO_SUELO,2026-09-25,2026-08-21,25,2026-09-14,2026-09-24,9,8.045,8.326575,3.5,8.42,8.27,-0.59,4.66,1.12,True,2,0,3,6,6.67,2,2,100.0,12.32,28.04,11.18,293298392.97,0.66,7.88,2.05,SMR,152
68.33,VISITANDO_SUELO,2026-09-25,2026-08-21,25,2026-08-25,2026-09-22,20,57.82,59.8437,3.5,60.52,59.490002,0.83,4.67,1.13,True,4,0,4,8,4.0,2,3,66.7,7.36,17.11,69.754997,87508521.37,1.4545,57.2418,1.0,MLI,153
68.27,VISITANDO_SUELO,2026-09-25,2026-07-17,50,2026-07-29,2026-09-24,41,31.51,32.61285,3.5,32.02,31.959999,-2.94,1.62,-1.82,True,2,0,3,6,1.46,2,2,100.0,22.18,12.37,35.959999,22590334.05,2.1533,30.971675,1.71,PHVS,154
68.19,VISITANDO_SUELO,2026-09-25,2026-06-17,70,2026-06-18,2026-09-24,68,66.260002,68.579102,3.5,69.019997,67.830002,0.85,4.17,0.64,True,2,0,5,23,1.47,3,4,75.0,5.96,28.11,92.169998,20742841.07,1.732999,65.597402,1.0,STN,155
68.11,VISITANDO_SUELO,2026-09-25,2026-05-19,90,2026-05-19,2026-09-24,89,212.130005,219.554555,3.5,222.740005,218.970001,1.17,5.0,1.45,True,2,0,5,13,1.12,4,4,100.0,10.55,20.76,267.709991,284551474.64,5.369998,210.008705,1.0,FERG,156
68.07,VISITANDO_SUELO,2026-09-25,2026-08-21,25,2026-08-25,2026-09-25,23,3.51,3.63285,3.5,3.65,3.57,-5.44,3.99,0.47,True,1,0,3,7,2.61,2,2,100.0,16.81,13.55,4.06,13215190.35,0.2045,3.458875,1.46,WTI,157
67.86,VISITANDO_SUELO,2026-09-25,2026-07-17,50,2026-07-17,2026-09-22,47,200.960007,207.993607,3.5,205.5,201.600006,1.65,2.26,-1.2,True,4,0,4,16,1.7,2,3,66.7,10.4,14.3,234.479996,434587472.59,4.1605,198.950407,1.0,PGR,158
67.81,VISITANDO_SUELO,2026-09-25,2026-05-19,90,2026-05-20,2026-09-24,88,310.390015,321.253665,3.5,326.369995,313.049988,3.9,5.15,1.59,True,2,0,5,10,1.14,4,4,100.0,16.36,17.0,373.959991,172425587.82,10.939494,307.286115,1.0,CSL,159
67.73,VISITANDO_SUELO,2026-09-25,2026-08-21,25,2026-08-21,2026-09-24,24,69.309998,71.735847,3.5,72.019997,71.410004,-0.4,3.91,0.4,True,2,0,3,18,2.5,2,2,100.0,5.9,16.12,82.629997,12157120.21,1.670999,68.616898,1.0,WMK,160
67.7,VISITANDO_SUELO,2026-09-25,2026-07-17,50,2026-07-20,2026-09-24,48,42.25,43.72875,3.5,42.849998,42.25,0.4,1.42,-2.01,True,2,0,3,7,1.25,2,2,100.0,19.81,49.58,83.790001,165418639.25,1.7886,41.80285,1.06,AA,161
67.57,CERCA_DEL_SUELO,2026-09-25,2026-05-19,90,2026-06-11,2026-09-21,70,31.52,32.6232,3.5,32.790001,32.66,-1.86,4.03,0.51,False,0,3,5,14,1.43,4,4,100.0,8.61,20.72,39.759998,63030359.8,0.885,31.2048,1.0,CNX,162
67.29,VISITANDO_SUELO,2026-09-25,2026-05-19,90,2026-06-02,2026-09-22,78,49.450001,51.180751,3.5,51.0,50.798,-1.35,3.13,-0.35,True,4,0,4,14,1.03,3,3,100.0,19.4,29.13,69.779999,22935214.03,2.5311,48.817226,1.28,ANAB,163
67.03,REBOTE_RECIENTE,2026-09-25,2026-07-17,50,2026-07-21,2026-09-22,45,87.720001,90.790201,3.5,93.790001,91.290001,2.12,6.92,3.3,False,0,2,6,14,2.67,3,5,60.0,11.77,10.18,97.660004,146536474.73,2.25175,86.842801,1.0,BJ,164
67.02,VISITANDO_SUELO,2026-09-25,2026-06-17,70,2026-06-25,2026-09-25,65,38.040001,39.371401,3.5,39.43,39.27,-1.52,3.65,0.15,True,1,0,4,9,1.23,3,3,100.0,8.41,31.07,55.189999,172615419.31,1.0425,37.659601,1.0,TCOM,165
66.89,VISITANDO_SUELO,2026-09-25,2026-08-07,35,2026-08-07,2026-09-21,31,31.77,32.88195,3.5,32.759998,32.220001,0.0,3.12,-0.37,True,5,0,3,8,1.94,2,2,100.0,11.66,22.93,41.220001,347206434.71,1.0025,31.4523,1.0,HAL,166
66.68,CERCA_DEL_SUELO,2026-09-25,2026-08-21,25,2026-09-02,2026-09-24,16,78.470001,81.216451,3.5,82.18,81.779999,-1.2,4.73,1.19,False,0,1,3,8,3.75,2,2,100.0,10.27,37.83,126.209999,51564421.97,3.451499,77.607127,1.1,MRCY,167
66.62,VISITANDO_SUELO,2026-09-25,2026-08-21,25,2026-08-21,2026-09-24,24,124.559998,128.919597,3.5,133.720001,128.800003,3.8,7.35,3.72,True,2,0,4,13,3.33,3,3,100.0,6.25,20.76,157.190002,37243772.69,3.887499,123.314398,1.0,CPA,168
66.44,CERCA_DEL_SUELO,2026-09-25,2026-08-21,25,2026-09-02,2026-09-14,8,255.75,264.70125,3.5,268.089996,266.589996,-0.12,4.83,1.28,False,0,1,3,12,7.5,2,2,100.0,5.63,27.94,354.899994,59349715.42,7.924001,253.1925,1.0,ESE,169
66.41,VISITANDO_SUELO,2026-09-25,2026-07-17,50,2026-08-04,2026-09-18,33,117.669998,121.788448,3.5,122.709999,118.889999,3.77,4.28,0.76,True,6,0,4,14,2.42,2,3,66.7,9.96,20.86,148.679993,75713260.48,3.674499,116.493298,1.0,LEA,170
66.34,VISITANDO_SUELO,2026-09-25,2026-08-21,25,2026-09-01,2026-09-23,16,24.16,25.0056,3.5,25.48,24.9,1.88,5.46,1.9,True,3,0,3,12,3.75,2,2,100.0,9.88,26.79,33.0,19509463.46,0.910525,23.9184,1.0,ADEA,171
66.32,REBOTE_RECIENTE,2026-09-25,2026-08-21,25,2026-08-25,2026-09-17,17,6.11,6.32385,3.5,6.42,6.36,-0.47,5.07,1.52,False,0,4,4,13,4.71,3,3,100.0,6.22,32.34,9.03,12475157.7,0.245,6.04875,1.0,TDAY,172
66.16,CERCA_DEL_SUELO,2026-09-25,2026-08-21,25,2026-08-28,2026-09-23,18,490.290009,507.450159,3.5,511.540009,508.019989,-1.49,4.33,0.81,False,0,2,4,6,4.44,2,3,66.7,8.38,21.27,622.780029,146625096.14,15.680502,485.387108,1.0,MUSA,173
65.84,REBOTE_RECIENTE,2026-09-25,2026-08-21,25,2026-09-03,2026-09-24,15,335.809998,347.563347,3.5,352.809998,349.429993,0.7,5.06,1.51,False,0,1,3,6,4.0,2,2,100.0,9.01,21.5,427.76001,8439470631.5,10.351498,332.451898,1.0,AVGO,174
65.68,REBOTE_RECIENTE,2026-09-25,2026-07-17,50,2026-07-29,2026-09-24,41,771.390015,798.388665,3.5,821.580017,809.049988,2.03,6.51,2.9,False,0,1,5,11,2.44,3,4,75.0,7.66,27.56,1064.900024,1826951657.38,20.574005,763.676115,1.0,CAT,175
65.63,VISITANDO_SUELO,2026-09-25,2026-06-17,70,2026-06-17,2026-09-14,61,16.34,16.9119,3.5,16.620001,16.389999,0.85,1.71,-1.73,True,10,0,3,15,0.98,2,2,100.0,9.09,20.06,20.440001,3494687.43,0.2685,16.1766,1.0,SPH,176
65.61,VISITANDO_SUELO,2026-09-25,2026-07-17,50,2026-08-05,2026-09-22,34,61.799999,63.962999,3.5,63.830002,62.5,1.24,3.28,-0.21,True,4,0,3,10,1.76,2,2,100.0,10.78,20.45,77.690002,177331259.91,2.2185,61.181999,1.0,NYT,177
65.52,VISITANDO_SUELO,2026-09-25,2026-05-19,90,2026-05-19,2026-09-24,89,76.029999,78.691049,3.5,78.760002,78.43,0.14,3.59,0.09,True,2,0,4,16,0.9,3,3,100.0,13.55,11.26,85.68,28731382.5,2.153,75.269699,1.0,CBT,178
65.4,VISITANDO_SUELO,2026-09-25,2026-05-19,90,2026-05-27,2026-09-24,84,67.809998,70.183347,3.5,70.349998,68.82,0.63,3.75,0.24,True,2,0,4,16,0.95,3,3,100.0,7.91,17.63,82.32,79360550.46,1.9845,67.131898,1.0,SF,179
65.05,REBOTE_RECIENTE,2026-09-25,2026-08-21,25,2026-08-21,2026-09-23,23,38.849998,40.209748,3.5,40.939999,40.27,2.27,5.38,1.82,False,0,1,4,10,3.48,2,3,66.7,11.39,27.87,53.860001,98178602.08,1.451,38.461498,1.0,ALK,180
64.97,VISITANDO_SUELO,2026-09-25,2026-07-17,50,2026-07-31,2026-09-18,35,95.379997,98.718297,3.5,98.660004,96.349998,0.36,3.44,-0.06,True,6,0,3,11,1.71,2,2,100.0,14.42,17.41,115.480003,60357107.8,3.998951,94.38026,1.05,RYTM,181
64.95,VISITANDO_SUELO,2026-09-25,2026-07-17,50,2026-07-22,2026-09-16,40,27.17,28.12095,3.5,27.99,27.655001,0.36,3.02,-0.47,True,8,0,3,13,1.5,2,2,100.0,24.33,13.25,31.32,24443290.81,1.35915,26.830213,1.25,BL,182
64.93,CERCA_DEL_SUELO,2026-09-25,2026-08-21,25,2026-08-21,2026-09-21,21,223.509995,231.332844,3.5,233.660004,231.679993,-0.65,4.54,1.01,False,0,2,3,8,2.86,2,2,100.0,9.62,20.95,282.76001,210210693.34,7.494501,221.274895,1.0,STLD,183
64.45,VISITANDO_SUELO,2026-09-25,2026-07-17,50,2026-07-17,2026-09-25,50,4.97,5.14395,3.5,5.14,5.105,-0.77,3.42,-0.08,True,1,0,4,9,1.6,2,3,66.7,13.04,27.13,6.82,6873833.27,0.1225,4.9203,1.0,ICL,184
64.4,VIGILAR,2026-09-25,2026-07-17,50,2026-07-23,2026-09-09,34,11.77,12.18195,3.5,12.74,12.71,-0.23,8.24,4.58,False,0,10,6,16,3.53,5,5,100.0,11.83,14.52,13.77,3581235.99,0.45845,11.6523,1.0,TBCH,185
64.05,VISITANDO_SUELO,2026-09-25,2026-08-07,35,2026-08-10,2026-09-21,30,16.67,17.25345,3.5,17.4,16.879999,1.81,4.38,0.85,True,5,0,3,9,2.0,2,2,100.0,14.8,11.24,18.780001,23020232.17,0.6165,16.5033,1.0,FLYW,186
64.02,VISITANDO_SUELO,2026-09-25,2026-07-17,50,2026-07-24,2026-09-25,45,5.32,5.5062,3.5,5.53,5.5,-4.49,3.95,0.43,True,1,0,4,6,1.78,2,3,66.7,16.81,33.17,7.96,12691310.45,0.21635,5.265913,1.02,WRD,187
64.01,VISITANDO_SUELO,2026-09-25,2026-07-17,50,2026-07-29,2026-09-24,41,90.620003,93.791703,3.5,93.629997,92.550003,1.18,3.32,-0.17,True,2,0,3,7,1.46,2,2,100.0,17.34,37.55,145.100006,91603717.74,3.453,89.713803,1.0,ORA,188
63.81,VISITANDO_SUELO,2026-09-25,2026-05-19,90,2026-05-19,2026-09-23,88,26.58,27.5103,3.5,27.190001,26.825001,0.48,2.29,-1.16,True,3,0,4,9,0.91,2,3,66.7,12.3,14.34,31.030001,39343305.38,0.7671,26.3142,1.0,MRP,189
63.65,VISITANDO_SUELO,2026-09-25,2026-07-17,50,2026-07-22,2026-09-25,47,15.84,16.3944,3.5,16.33,16.280001,-2.16,3.09,-0.39,True,1,0,3,13,1.28,2,2,100.0,12.66,19.14,19.59,86779476.25,0.493,15.6816,1.0,BEKE,190
63.38,REBOTE_RECIENTE,2026-09-25,2026-08-21,25,2026-08-26,2026-09-23,20,91.599998,94.805998,3.5,97.139999,96.330002,-3.64,6.05,2.46,False,0,1,3,6,3.0,2,2,100.0,14.23,12.84,105.099998,198058465.88,5.076099,90.330974,1.39,GDDY,191
63.12,VISITANDO_SUELO,2026-09-25,2026-07-17,50,2026-07-21,2026-09-25,48,25.450001,26.340751,3.5,26.49,26.34,-0.79,4.09,0.57,True,1,0,4,7,1.67,2,3,66.7,10.94,20.42,31.98,3831247.02,0.7355,25.195501,1.0,FOR,192
62.67,CERCA_DEL_SUELO,2026-09-25,2026-07-17,50,2026-07-17,2026-08-24,27,18.940001,19.602901,3.5,19.860001,19.610001,-0.2,4.86,1.31,False,0,21,4,13,2.96,3,3,100.0,10.33,11.7,21.450001,56160622.56,0.6175,18.750601,1.0,NOV,193
62.59,REBOTE_RECIENTE,2026-09-25,2026-08-21,25,2026-08-24,2026-09-14,15,292.290009,302.520159,3.5,316.73999,316.089996,1.95,8.36,4.7,False,0,1,4,16,5.33,3,3,100.0,5.81,24.2,385.630005,299871733.95,11.285995,289.367108,1.0,JBL,194
62.5,VIGILAR,2026-09-25,2026-07-17,50,2026-07-28,2026-09-08,30,4.035,4.176225,3.5,4.49,4.47,-0.44,11.28,7.51,False,0,12,7,17,4.67,5,6,83.3,6.19,25.42,5.41,16467726.02,0.21435,3.981412,1.33,CLOV,195
62.5,VIGILAR,2026-09-25,2026-06-17,70,2026-06-17,2026-07-21,23,20.68,21.4038,3.5,23.07,22.719999,0.57,11.56,7.78,False,0,44,7,17,6.09,5,6,83.3,5.97,29.83,29.469999,37924023.1,0.6435,20.4732,1.0,OPCH,196
62.34,VISITANDO_SUELO,2026-09-25,2026-06-17,70,2026-06-17,2026-09-09,58,56.490002,58.467152,3.5,58.650002,57.169998,1.65,3.82,0.31,True,13,0,4,22,1.38,2,3,66.7,11.02,16.02,67.269997,78443141.5,1.332001,55.925102,1.0,AOS,197
62.15,VISITANDO_SUELO,2026-09-25,2026-07-17,50,2026-07-17,2026-09-25,50,66.150002,68.465252,3.5,69.019997,68.449997,0.29,4.34,0.81,True,1,0,4,10,1.6,2,3,66.7,9.72,27.8,91.620003,8540711.11,1.188,65.488502,1.0,LIT,198
62.1,VISITANDO_SUELO,2026-09-25,2026-06-17,70,2026-07-14,2026-09-23,51,132.770004,137.416954,3.5,141.130005,136.669998,1.94,6.3,2.7,True,3,0,4,18,1.57,3,3,100.0,13.98,23.27,173.029999,76990125.66,5.8186,131.315354,1.1,SPHR,199
61.75,VISITANDO_SUELO,2026-09-25,2026-06-17,70,2026-06-17,2026-09-24,69,28.450001,29.445751,3.5,29.48,29.16,1.2,3.62,0.12,True,2,0,4,16,1.16,2,3,66.7,13.36,24.31,37.59,3836232.5,0.6915,28.165501,1.0,IIIN,200
61.53,VISITANDO_SUELO,2026-09-25,2026-07-17,50,2026-07-17,2026-09-25,50,101.919998,105.487198,3.5,105.779999,105.239998,-0.41,3.79,0.28,True,1,0,3,7,1.2,2,2,100.0,18.35,31.71,149.25,36236639.0,3.651,100.900798,1.0,NLR,201
61.52,VIGILAR,2026-09-25,2026-04-21,110,2026-04-21,2026-08-04,73,83.080002,85.987802,3.5,88.629997,87.739998,-2.8,6.68,3.07,False,0,36,6,18,1.64,5,5,100.0,11.01,11.58,93.959999,299944888.85,2.531001,82.249202,1.0,OKE,202
61.44,REBOTE_RECIENTE,2026-09-25,2026-07-17,50,2026-07-23,2026-09-10,35,49.185001,50.906476,3.5,52.450001,51.465,1.53,6.64,3.03,False,0,5,5,17,2.86,3,4,75.0,9.21,16.25,58.73,34862381.64,1.40625,48.693151,1.0,LTM,203
61.32,VIGILAR,2026-09-25,2026-08-07,35,2026-08-07,2026-09-11,25,124.43,128.78505,3.5,131.240005,131.0,-3.71,5.47,1.91,False,0,10,4,9,3.2,3,3,100.0,8.9,11.17,140.070007,143711539.17,5.3935,123.081625,1.08,CHKP,204
61.29,CERCA_DEL_SUELO,2026-09-25,2026-08-07,35,2026-08-10,2026-09-10,23,9.705,10.044675,3.5,10.14,10.08,0.0,4.48,0.95,False,0,9,5,12,4.35,2,4,50.0,6.8,27.36,13.36,11918988.09,0.29305,9.60795,1.0,ECVT,205
61.2,VISITANDO_SUELO,2026-09-25,2026-07-17,50,2026-07-20,2026-09-24,48,162.5,168.1875,3.5,169.029999,166.419998,1.06,4.02,0.5,True,2,0,3,10,1.25,2,2,100.0,10.99,16.29,194.119995,417417092.89,3.973501,160.875,1.0,AMT,206
61.0,VIGILAR,2026-09-25,2026-07-17,50,2026-07-29,2026-09-23,40,11.41,11.80935,3.5,13.03,11.91,11.27,14.2,10.34,False,0,1,5,9,2.5,4,4,100.0,10.2,18.79,14.05,8315508.98,0.7125,11.231875,1.56,WNC,207
60.88,VIGILAR,2026-09-25,2026-06-17,70,2026-06-22,2026-09-11,58,54.150002,56.045252,3.5,58.740002,57.700001,-0.31,8.48,4.81,False,0,10,7,11,2.41,4,6,66.7,9.14,23.3,70.599998,439012081.92,1.565,53.608502,1.0,KR,208
60.88,CERCA_DEL_SUELO,2026-09-25,2026-07-17,50,2026-07-17,2026-08-04,13,149.179993,154.401292,3.5,154.619995,154.479996,-4.5,3.65,0.14,False,0,36,4,8,6.15,2,3,66.7,8.15,23.59,195.229996,44743079.17,5.134,147.688193,1.0,GPOR,209
60.88,VISITANDO_SUELO,2026-09-25,2026-08-21,25,2026-09-01,2026-09-25,18,79.230003,82.003053,3.5,85.290001,81.800003,1.66,7.65,4.01,True,1,0,3,4,3.33,2,2,100.0,12.61,16.4,94.769997,56627564.1,4.371249,78.137191,1.38,TMDX,210
60.71,CERCA_DEL_SUELO,2026-09-25,2026-08-07,35,2026-08-07,2026-09-24,34,21.32,22.0662,3.5,22.309999,22.1,-0.18,4.64,1.1,False,0,1,3,4,1.76,2,2,100.0,12.52,19.43,26.459999,124325609.89,0.7325,21.1068,1.0,ELAN,211
60.56,VISITANDO_SUELO,2026-09-25,2026-06-17,70,2026-06-29,2026-09-15,55,64.419998,66.674698,3.5,66.970001,66.220001,1.18,3.96,0.44,True,9,0,3,13,1.09,2,2,100.0,10.27,16.91,77.529999,72972834.81,1.734,63.775798,1.0,EMN,212
60.35,REBOTE_RECIENTE,2026-09-25,2026-07-17,50,2026-07-29,2026-09-24,41,53.869999,55.755449,3.5,56.650002,55.77,1.14,5.16,1.6,False,0,1,4,6,1.95,2,3,66.7,21.95,39.2,88.599998,122857912.16,2.6768,53.200799,1.24,SOLS,213
60.14,VISITANDO_SUELO,2026-09-25,2026-07-17,50,2026-07-17,2026-09-24,49,116.57,120.64995,3.5,121.690002,120.25,0.83,4.39,0.86,True,2,0,3,11,1.22,2,2,100.0,15.64,16.08,138.910004,321841226.79,3.889001,115.4043,1.0,APO,214
60.09,VIGILAR,2026-09-25,2026-07-17,50,2026-07-17,2026-08-07,16,53.66,55.5381,3.5,56.860001,56.580002,-2.05,5.96,2.38,False,0,34,4,11,5.0,3,3,100.0,6.88,11.6,60.700001,515263128.02,1.525,53.1234,1.0,OXY,215
60.0,VIGILAR,2026-09-25,2026-05-19,90,2026-05-19,2026-07-22,44,190.270004,196.929454,3.5,218.589996,214.139999,2.3,14.88,11.0,False,0,45,7,11,3.18,4,6,66.7,7.13,23.17,247.660004,369185225.49,6.054002,188.367304,1.0,TEL,216
60.0,VIGILAR,2026-09-25,2026-08-21,25,2026-08-24,2026-09-16,17,6.61,6.84135,3.5,7.47,7.46,0.27,13.01,9.19,False,0,7,6,9,7.06,5,5,100.0,9.72,42.52,11.5,27120272.55,0.44355,6.499113,1.68,SHLS,217
59.92,VISITANDO_SUELO,2026-09-25,2026-04-21,110,2026-05-06,2026-09-08,86,64.489998,66.747148,3.5,66.699997,65.629997,0.63,3.43,-0.07,True,14,0,3,16,0.7,2,2,100.0,20.7,24.38,85.279999,69204261.88,2.236,63.845098,1.0,LPX,218
59.86,REBOTE_RECIENTE,2026-09-25,2026-08-21,25,2026-09-01,2026-09-24,17,6.98,7.2243,3.5,7.64,7.59,0.53,9.46,5.75,False,0,1,4,9,4.71,3,3,100.0,10.68,28.56,9.77,487548194.93,0.4065,6.878375,1.46,ONDS,219
59.84,VISITANDO_SUELO,2026-09-25,2026-04-21,110,2026-05-06,2026-09-25,99,63.369999,65.587949,3.5,66.970001,65.580002,0.27,5.68,2.11,True,1,0,4,15,0.81,3,3,100.0,14.71,20.21,79.419998,23206148.38,2.168001,62.736299,1.0,ANDE,220
59.8,REBOTE_RECIENTE,2026-09-25,2026-08-21,25,2026-08-24,2026-09-24,23,2.24,2.3184,3.5,2.39,2.33,1.7,6.7,3.09,False,0,1,3,7,2.61,2,2,100.0,13.36,21.95,2.87,6601679.16,0.11655,2.210863,1.3,SLDP,221
59.47,REBOTE_RECIENTE,2026-09-25,2026-08-21,25,2026-09-01,2026-09-24,17,108.669998,112.473448,3.5,116.940002,114.849998,0.21,7.61,3.97,False,0,1,3,8,3.53,2,2,100.0,9.32,34.52,165.949997,43270939.33,4.622999,107.514248,1.06,ECG,222
59.25,VISITANDO_SUELO,2026-09-25,2026-05-19,90,2026-06-09,2026-09-24,75,67.470001,69.831451,3.5,70.459999,69.610001,0.76,4.43,0.9,True,2,0,4,6,1.07,2,3,66.7,9.5,12.18,76.830002,69200635.87,1.435,66.795301,1.0,BKH,223
59.14,VISITANDO_SUELO,2026-09-25,2026-08-21,25,2026-08-31,2026-09-18,14,50.801998,52.580068,3.5,55.040001,52.310001,4.64,8.34,4.68,True,6,0,4,12,5.71,2,3,66.7,8.6,18.46,62.299999,571024117.39,2.0,50.293978,1.0,PYPL,224
59.07,REBOTE_RECIENTE,2026-09-25,2026-07-17,50,2026-07-20,2026-09-14,40,215.779999,223.332299,3.5,231.899994,226.869995,1.42,7.47,3.84,False,0,4,5,17,2.5,3,4,75.0,12.08,10.16,240.169998,252981303.29,6.731998,213.622199,1.0,WSM,225
58.89,REBOTE_RECIENTE,2026-09-25,2026-07-17,50,2026-07-22,2026-09-21,43,33.299999,34.465499,3.5,35.220001,34.91,-0.42,5.77,2.19,False,0,4,4,8,1.86,3,3,100.0,16.99,14.09,38.759998,5271730.95,1.637101,32.890724,1.23,CCSI,226
58.79,REBOTE_RECIENTE,2026-09-25,2026-08-21,25,2026-08-31,2026-09-23,17,42.5,43.9875,3.5,45.849998,45.32,-0.65,7.88,4.23,False,0,1,4,7,4.71,2,3,66.7,10.48,17.81,51.709999,28726834.53,1.8575,42.035625,1.09,UNFI,227
58.36,VISITANDO_SUELO,2026-09-25,2026-08-07,35,2026-08-07,2026-09-24,34,1.94,2.0079,3.5,2.06,2.0,3.0,6.19,2.59,True,2,0,3,6,1.76,2,2,100.0,19.21,16.38,2.32,5389967.93,0.1005,1.914875,1.3,GAU,228
58.33,VIGILAR,2026-09-25,2026-05-19,90,2026-05-29,2026-08-03,45,17.32,17.9262,3.5,19.84,19.65,1.59,14.55,10.68,False,0,38,6,12,2.67,5,5,100.0,8.84,13.57,20.040001,30931930.93,0.82305,17.114237,1.19,WTTR,229
58.31,CERCA_DEL_SUELO,2026-09-25,2026-07-17,50,2026-07-20,2026-08-03,11,32.52,33.6582,3.5,34.040001,33.950001,-5.02,4.67,1.13,False,0,35,3,7,5.45,2,2,100.0,7.25,30.33,46.68,7065391.75,1.8145,32.066375,1.39,IPI,230
58.27,REBOTE_RECIENTE,2026-09-25,2026-07-17,50,2026-07-30,2026-09-09,29,66.43,68.75505,3.5,73.0,71.830002,1.69,9.89,6.17,False,0,4,6,18,4.14,3,5,60.0,5.86,13.86,77.120003,16619248.95,1.966999,65.7657,1.0,NGVT,231
57.79,VIGILAR,2026-09-25,2026-08-07,35,2026-08-17,2026-09-24,28,26.73,27.66555,3.5,29.42,28.565001,0.48,10.06,6.34,False,0,1,4,13,2.86,3,3,100.0,15.84,30.17,38.279999,241139749.64,1.51445,26.351387,1.42,HIMS,232
57.79,REBOTE_RECIENTE,2026-09-25,2026-08-07,35,2026-08-07,2026-09-21,31,27.0,27.945,3.5,28.5,28.09,-0.21,5.56,1.99,False,0,2,3,6,1.94,2,2,100.0,13.8,14.64,31.629999,21241017.5,1.122,26.7195,1.04,INVX,233
57.51,VISITANDO_SUELO,2026-09-25,2026-07-17,50,2026-07-23,2026-09-16,39,9.305,9.630675,3.5,9.87,9.57,2.07,6.07,2.49,True,8,0,3,11,1.54,2,2,100.0,17.46,13.84,10.8,5132144.48,0.2805,9.21195,1.0,LSPD,234
57.5,VIGILAR,2026-09-25,2026-08-21,25,2026-09-01,2026-09-18,13,17.73,18.35055,3.5,21.299999,20.65,1.96,20.14,16.07,False,0,5,5,8,7.69,4,4,100.0,6.71,37.96,28.58,18942190.91,1.027,17.47325,1.45,GRPN,235
57.32,VIGILAR,2026-09-25,2026-06-22,70,2026-07-08,2026-09-17,52,2.05,2.12175,3.5,2.2,2.185,-1.35,7.32,3.69,False,0,6,5,13,1.92,4,4,100.0,8.46,14.58,2.4,4248373.95,0.0715,2.0295,1.0,PRN.AX,236
57.2,VIGILAR,2026-09-25,2026-06-17,70,2026-06-17,2026-07-22,24,48.169998,49.855948,3.5,51.599998,50.939999,0.51,7.12,3.5,False,0,44,4,13,3.33,3,3,100.0,7.71,11.37,54.349998,104416129.54,0.954,47.688298,1.0,IHI,237
57.0,VIGILAR,2026-09-25,2026-07-17,50,2026-07-29,2026-09-14,33,348.0,360.18,3.5,393.600006,381.529999,2.87,13.1,9.28,False,0,7,6,12,3.64,4,5,80.0,6.8,21.88,445.480011,1151180297.38,10.949498,344.52,1.0,ADI,238
56.88,VIGILAR,2026-09-25,2026-08-07,35,2026-08-07,2026-09-10,24,51.330002,53.126552,3.5,54.23,53.919998,-2.64,5.65,2.08,False,0,6,4,13,3.33,2,3,66.7,13.08,17.06,61.889999,79632510.53,2.68335,50.659164,1.31,CRSP,239
56.77,VIGILAR,2026-09-25,2026-05-19,90,2026-05-19,2026-06-16,20,45.529999,47.123549,3.5,47.939999,47.360001,0.25,5.29,1.73,False,0,66,3,18,3.0,2,2,100.0,7.64,29.06,64.18,138758543.98,1.2135,45.074699,1.0,MKC,240
56.29,VIGILAR,2026-09-25,2026-05-19,90,2026-05-19,2026-07-20,42,152.419998,157.754698,3.5,170.339996,168.75,0.79,11.76,7.98,False,0,44,6,24,2.86,4,5,80.0,7.27,13.63,176.470001,135595740.33,3.990501,150.895798,1.0,AVY,241
56.24,CERCA_DEL_SUELO,2026-09-25,2026-05-19,90,2026-05-19,2026-09-24,89,106.769997,110.506947,3.5,111.309998,110.879997,0.58,4.25,0.73,False,0,1,3,9,0.67,2,2,100.0,18.0,16.79,128.309998,325377431.22,2.740999,105.702297,1.0,PCAR,242
56.03,REBOTE_RECIENTE,2026-09-25,2026-08-07,35,2026-08-17,2026-09-23,27,14.4,14.904,3.5,15.47,15.18,1.18,7.43,3.8,False,0,1,3,5,2.22,2,2,100.0,13.81,28.5,20.139999,300679941.83,0.64515,14.238712,1.12,RIVN,243
55.83,REBOTE_RECIENTE,2026-09-25,2026-07-17,50,2026-08-05,2026-09-23,35,17.09,17.68815,3.5,18.200001,17.764999,1.28,6.5,2.89,False,0,1,3,7,1.71,2,2,100.0,14.84,31.2,24.84,29353681.07,0.79125,16.892188,1.16,SNDX,244
55.82,VIGILAR,2026-09-25,2026-04-21,110,2026-05-11,2026-06-25,32,156.600006,162.081006,3.5,171.119995,169.669998,0.7,9.27,5.58,False,0,64,6,21,3.75,3,5,60.0,6.14,16.14,186.740005,450058270.08,3.6545,155.034006,1.0,MRSH,245
55.63,VIGILAR,2026-09-25,2026-07-17,50,2026-07-21,2026-09-18,43,11.29,11.68515,3.5,12.52,12.24,0.24,10.89,7.14,False,0,4,5,7,2.33,4,4,100.0,17.68,23.35,14.73,6763162.56,0.668,11.123,1.48,CAL,246
55.3,REBOTE_RECIENTE,2026-09-25,2026-08-21,25,2026-08-21,2026-09-24,24,1.57,1.62495,3.5,1.7,1.64,3.66,8.28,4.62,False,0,1,3,8,2.5,2,2,100.0,18.88,31.74,2.3,7246473.0,0.09575,1.546063,1.52,RR,247
55.28,VIGILAR,2026-09-25,2026-07-17,50,2026-08-03,2026-09-16,32,216.660004,224.243104,3.5,238.080002,230.220001,3.44,9.89,6.17,False,0,6,6,19,3.75,3,5,60.0,9.22,34.87,332.670013,735629905.23,7.453999,214.493404,1.0,NXPI,248
55.21,VIGILAR,2026-09-25,2026-07-17,50,2026-07-17,2026-07-31,11,83.150002,86.060252,3.5,88.07,87.790001,-0.06,5.92,2.34,False,0,38,3,7,5.45,2,2,100.0,8.28,32.81,123.760002,230537543.8,3.423001,82.294251,1.03,CCJ,249
55.17,VIGILAR,2026-09-25,2026-04-21,110,2026-04-29,2026-07-23,59,58.75,60.80625,3.5,66.629997,65.75,0.38,13.41,9.58,False,0,44,6,13,2.03,5,5,100.0,9.51,30.28,84.269997,218017388.43,1.5817,58.1625,1.0,GEHC,250
55.12,VIGILAR,2026-09-25,2026-04-21,110,2026-05-18,2026-06-02,11,31.75,32.86125,3.5,33.639999,33.599998,-3.42,5.95,2.37,False,0,76,3,7,5.45,2,2,100.0,5.42,28.31,44.290001,363279490.75,1.143,31.4325,1.0,GIS,251
55.0,VIGILAR,2026-09-25,2026-08-07,35,2026-08-10,2026-09-08,21,23.951,24.789285,3.5,26.35,25.719999,1.19,10.02,6.3,False,0,10,5,10,4.76,4,4,100.0,10.53,12.59,27.4,64077323.91,1.01395,23.697513,1.06,DOCS,252
55.0,VIGILAR,2026-09-25,2026-06-17,70,2026-06-17,2026-07-30,30,28.93,29.94255,3.5,32.27,31.35,2.64,11.55,7.77,False,0,40,5,14,3.33,4,4,100.0,9.1,36.61,45.639999,284859878.46,1.044,28.6407,1.0,TSCO,253
55.0,VIGILAR,2026-09-25,2026-04-21,110,2026-04-23,2026-05-20,20,13.32,13.7862,3.5,17.66,17.559999,-2.32,32.58,28.1,False,0,88,5,8,5.0,4,4,100.0,14.18,12.66,15.25,9668768.03,0.76,13.13,1.43,MITK,254
54.87,VIGILAR,2026-09-25,2026-04-21,110,2026-05-11,2026-06-17,27,8.65,8.95275,3.5,9.26,9.112,0.43,7.05,3.43,False,0,66,5,13,3.7,2,4,50.0,5.64,21.86,11.07,155193180.75,0.1849,8.5635,1.0,HLN,255
54.75,REBOTE_RECIENTE,2026-09-25,2026-06-17,70,2026-07-08,2026-09-24,56,14.36,14.8626,3.5,15.56,15.08,2.57,8.36,4.69,False,0,1,4,6,1.43,3,3,100.0,8.82,15.08,16.91,4174465.0,0.52675,14.2164,1.0,KRNT,256
54.69,VIGILAR,2026-09-25,2026-04-21,110,2026-05-15,2026-07-07,35,150.279999,155.539799,3.5,162.809998,160.970001,0.42,8.34,4.67,False,0,46,5,32,2.86,3,4,75.0,6.95,16.79,180.610001,53384443.19,4.1115,148.777199,1.0,AWI,257
54.64,VIGILAR,2026-09-25,2026-06-17,70,2026-06-17,2026-09-01,53,276.320007,285.991208,3.5,299.179993,294.519989,0.67,8.27,4.61,False,0,16,6,18,2.26,3,5,60.0,15.06,11.01,310.5,11208541.65,10.325003,273.556807,1.0,HIFS,258
54.48,VIGILAR,2026-09-25,2026-07-17,50,2026-07-17,2026-08-04,13,29.0,30.015,3.5,30.799999,30.5,-1.0,6.21,2.62,False,0,36,3,11,4.62,2,2,100.0,8.52,10.6,32.439999,2028264.49,0.975999,28.71,1.0,SMC,259
54.32,REBOTE_RECIENTE,2026-09-25,2026-07-17,50,2026-07-17,2026-09-17,44,11.0,11.385,3.5,11.76,11.55,-1.92,6.91,3.29,False,0,5,4,7,1.82,3,3,100.0,8.11,33.17,16.459999,8480388.59,0.463,10.88425,1.05,SHEN,260
54.26,VIGILAR,2026-09-25,2026-07-17,50,2026-07-17,2026-08-04,13,27.469999,28.431449,3.5,29.200001,29.040001,-2.14,6.3,2.7,False,0,34,3,11,4.62,2,2,100.0,7.58,12.77,31.49,30111950.36,0.715,27.195299,1.0,FCG,261
54.11,REBOTE_RECIENTE,2026-09-25,2026-06-17,70,2026-06-23,2026-09-23,65,6.96,7.2036,3.5,7.35,7.29,2.08,5.6,2.03,False,0,1,3,16,0.92,2,2,100.0,13.09,20.46,8.75,3088863.51,0.142,6.8904,1.0,GRFS,262
54.01,VIGILAR,2026-09-25,2026-07-17,50,2026-08-06,2026-09-14,27,36.41,37.68435,3.5,39.439999,39.080002,0.48,8.32,4.66,False,0,8,4,12,2.96,3,3,100.0,6.16,18.8,44.84,23272172.3,0.8755,36.0459,1.0,NTCT,263
54.0,VIGILAR,2026-09-25,2026-04-21,110,2026-04-24,2026-05-19,18,26.48,27.4068,3.5,35.200001,34.91,0.03,32.93,28.44,False,0,88,6,9,6.67,3,5,60.0,7.42,21.93,33.919998,15807344.57,1.0085,26.2152,1.0,TILE,264
53.81,VIGILAR,2026-09-25,2026-07-17,50,2026-07-28,2026-09-14,34,47.529999,49.193549,3.5,51.93,51.220001,0.68,9.26,5.56,False,0,6,5,11,2.94,3,4,75.0,9.06,40.52,79.910004,401367767.43,1.6215,47.054699,1.0,STM,265
53.75,VIGILAR,2026-09-25,2026-08-21,25,2026-08-21,2026-09-18,20,11.75,12.16125,3.5,13.74,13.73,-1.72,16.94,12.98,False,0,5,5,5,5.0,3,4,75.0,10.23,32.7,17.459999,11259578.17,0.6485,11.587875,1.38,MNRO,266
53.5,VIGILAR,2026-09-25,2026-07-17,50,2026-07-22,2026-09-14,38,14.83,15.34905,3.5,15.84,15.82,-2.22,6.81,3.2,False,0,9,4,8,2.11,3,3,100.0,25.49,19.01,18.309999,16651582.72,0.73095,14.647262,1.23,NVCR,267
53.5,VIGILAR,2026-09-25,2026-08-21,25,2026-09-01,2026-09-24,17,5.41,5.59935,3.5,6.19,5.82,5.81,14.42,10.55,False,0,1,3,10,3.53,2,2,100.0,14.46,32.88,8.06,13421667.65,0.27465,5.341337,1.27,ULCC,268
53.32,VIGILAR,2026-09-25,2026-07-17,50,2026-07-17,2026-08-03,12,36.880001,38.170801,3.5,39.34,38.57,-4.42,6.67,3.06,False,0,38,3,3,5.0,2,2,100.0,11.09,23.72,48.349998,54486911.44,2.1968,36.330801,1.49,EWTX,269
52.99,REBOTE_RECIENTE,2026-09-25,2026-06-17,70,2026-06-17,2026-09-21,66,32.580002,33.720302,3.5,35.0,34.779999,-3.02,7.43,3.8,False,0,3,4,15,1.21,3,3,100.0,10.47,19.87,40.66,139940505.88,1.1955,32.254202,1.0,AR,270
52.9,VIGILAR,2026-09-25,2026-06-17,70,2026-06-22,2026-08-10,35,25.9,26.8065,3.5,27.82,27.110001,2.05,7.41,3.78,False,0,30,4,9,2.29,3,3,100.0,5.67,28.04,35.990002,38230451.1,0.914,25.641,1.0,PPC,271
52.8,VIGILAR,2026-09-25,2026-07-17,50,2026-07-17,2026-08-03,12,34.009998,35.200348,3.5,36.689999,36.16,-0.14,7.88,4.23,False,0,38,5,6,8.33,2,4,50.0,8.29,16.05,40.509998,24388412.8,1.3425,33.669898,1.0,IDYA,272
52.7,REBOTE_RECIENTE,2026-09-25,2026-04-21,110,2026-05-05,2026-09-23,98,48.389999,50.083649,3.5,50.98,50.380001,0.28,5.35,1.79,False,0,2,4,12,0.82,2,3,66.7,11.74,12.13,55.07,6838957.53,1.1245,47.906099,1.0,UTL,273
52.5,VIGILAR,2026-09-25,2026-08-21,25,2026-08-25,2026-09-18,18,100.769997,104.296947,3.5,113.940002,113.839996,3.2,13.07,9.25,False,0,5,4,9,4.44,3,3,100.0,8.0,24.91,134.199997,375366894.69,5.950501,99.282371,1.48,AKAM,274
52.2,VIGILAR,2026-09-25,2026-07-17,50,2026-07-17,2026-09-14,41,15.81,16.36335,3.5,17.41,17.23,-0.4,10.12,6.4,False,0,7,5,7,2.44,4,4,100.0,17.45,47.54,30.139999,236340125.5,0.965,15.56875,1.53,QBTS,275
52.2,VIGILAR,2026-09-25,2026-06-17,70,2026-06-17,2026-08-14,41,88.199997,91.286997,3.5,98.519997,97.730003,-0.75,11.7,7.92,False,0,27,5,27,2.44,4,4,100.0,6.76,20.97,111.599998,92854711.8,3.5769,87.305772,1.01,BNTX,276
51.97,VIGILAR,2026-09-25,2026-08-07,35,2026-08-07,2026-09-09,23,149.190002,154.411653,3.5,158.779999,156.740005,0.2,6.43,2.83,False,0,9,3,9,2.61,2,2,100.0,10.67,44.73,269.950012,557573882.91,5.836999,147.698102,1.0,HONA,277
51.43,VIGILAR,2026-09-25,2026-08-21,25,2026-08-21,2026-09-15,17,10.58,10.9503,3.5,11.62,11.285,0.61,9.83,6.12,False,0,6,4,10,4.71,3,3,100.0,8.6,12.05,12.03,2063167.53,0.45965,10.465087,1.09,KROS,278
51.38,REBOTE_RECIENTE,2026-09-25,2026-08-21,25,2026-09-01,2026-09-18,13,8.714,9.01899,3.5,9.45,9.195,2.38,8.45,4.78,False,0,5,4,9,6.15,2,3,66.7,7.12,27.2,11.97,9178676.69,0.3113,8.62686,1.0,CTOS,279
51.31,VIGILAR,2026-09-25,2026-06-17,70,2026-07-07,2026-07-23,13,16.049999,16.611749,3.5,17.25,17.23,0.0,7.48,3.84,False,0,45,3,6,4.62,2,2,100.0,6.79,15.88,19.08,5233495.66,0.061,15.889499,1.0,LXFR,280
51.25,VIGILAR,2026-09-25,2026-08-07,35,2026-08-07,2026-09-08,22,26.299999,27.220499,3.5,28.940001,28.91,-1.77,10.04,6.32,False,0,13,5,11,4.55,3,4,75.0,7.45,28.59,36.830002,43140920.23,0.9085,26.036999,1.0,TDC,281
51.25,VIGILAR,2026-09-25,2026-06-17,70,2026-06-25,2026-07-27,22,15.0,15.525,3.5,16.75,16.684999,-1.76,11.67,7.89,False,0,36,5,16,4.55,3,4,75.0,6.85,21.38,19.08,9977525.81,0.502,14.85,1.0,VTS,282
51.25,VIGILAR,2026-09-25,2026-07-17,50,2026-08-03,2026-09-09,27,93.769997,97.051947,3.5,116.57,113.879997,0.73,24.31,20.11,False,0,11,5,7,3.7,3,4,75.0,11.79,27.72,129.740005,66300634.63,5.525001,92.388746,1.47,MANE,283
51.25,VIGILAR,2026-09-25,2026-06-17,70,2026-06-23,2026-07-28,25,154.740005,160.155906,3.5,206.550003,205.524994,0.41,33.48,28.97,False,0,41,5,9,4.0,3,4,75.0,14.22,12.94,177.729996,893595828.67,7.336449,152.905893,1.19,ANET,284
51.0,VIGILAR,2026-09-25,2026-08-07,35,2026-08-07,2026-09-14,26,758.349976,784.892225,3.5,916.830017,903.530029,1.2,20.9,16.81,False,0,6,4,7,3.08,3,3,100.0,21.21,30.68,1094.040039,2930464122.69,44.776999,747.155726,1.48,STX,285
50.81,VIGILAR,2026-09-25,2026-07-17,50,2026-08-06,2026-09-14,27,407.119995,421.369195,3.5,456.809998,447.690002,1.44,12.21,8.41,False,0,6,4,7,2.96,3,3,100.0,17.73,45.44,746.22998,2712454814.45,23.663504,401.204119,1.45,WDC,286
50.12,VIGILAR,2026-09-25,2026-06-17,70,2026-06-17,2026-08-06,35,74.510002,77.117852,3.5,78.519997,77.330002,-1.17,5.38,1.82,False,0,27,3,13,1.71,2,2,100.0,13.61,12.68,85.330002,397706355.02,2.49725,73.764902,1.0,CTVA,287
50.0,VIGILAR,2026-09-25,2026-08-21,25,2026-08-24,2026-09-14,15,27.200001,28.152001,3.5,30.01,29.959999,-1.35,10.33,6.6,False,0,7,4,8,5.33,3,3,100.0,8.51,40.0,45.330002,20343137.38,1.235,26.891251,1.14,AMSC,288
50.0,VIGILAR,2026-09-25,2026-08-07,35,2026-08-07,2026-09-14,26,405.149994,419.330244,3.5,450.609985,449.01001,-0.12,11.22,7.46,False,0,7,4,18,3.08,3,3,100.0,6.04,15.16,477.570007,4146636005.4,9.891995,401.098494,1.0,TSM,289
50.0,VIGILAR,2026-09-25,2026-05-19,90,2026-05-19,2026-06-10,16,68.07,70.45245,3.5,76.080002,74.919998,1.74,11.77,7.99,False,0,73,4,10,5.0,3,3,100.0,6.52,22.93,88.32,297045527.59,1.948151,67.3893,1.0,IR,290
50.0,VIGILAR,2026-09-25,2026-07-17,50,2026-07-17,2026-08-06,15,456.0,471.96,3.5,510.01001,506.0,-0.27,11.84,8.06,False,0,35,4,5,5.33,3,3,100.0,9.96,13.92,529.710022,772097152.83,18.954453,451.261387,1.04,SPOT,291
50.0,VIGILAR,2026-09-25,2026-08-07,35,2026-08-13,2026-09-16,24,2.84,2.9394,3.5,3.19,3.18,-0.31,12.32,8.53,False,0,7,4,13,3.33,3,3,100.0,11.75,50.44,5.73,15789008.23,0.16545,2.798637,1.46,SPCE,292
50.0,VIGILAR,2026-09-25,2026-04-21,110,2026-05-11,2026-06-15,25,21.92,22.6872,3.5,25.120001,25.0,-1.72,14.6,10.72,False,0,67,4,18,3.2,3,3,100.0,9.23,14.21,25.549999,13168237.76,0.755,21.7008,1.0,PCRX,293
50.0,VIGILAR,2026-09-25,2026-08-21,25,2026-08-21,2026-09-04,11,4.5,4.6575,3.5,5.42,5.17,5.04,20.44,16.37,False,0,10,4,10,7.27,3,3,100.0,12.56,30.12,6.44,4096251.99,0.3205,4.419875,1.78,ANGI,294
50.0,VIGILAR,2026-09-25,2026-08-21,25,2026-08-21,2026-09-16,18,98.769997,102.226947,3.5,119.400002,117.529999,-1.18,20.89,16.8,False,0,7,4,4,4.44,3,3,100.0,13.85,15.98,117.550003,2281116796.38,6.548001,97.132996,1.66,HOOD,295
50.0,VIGILAR,2026-09-25,2026-04-21,110,2026-05-15,2026-06-05,15,19.341999,20.018969,3.5,24.92,24.08,1.18,28.84,24.48,False,0,77,4,7,5.33,3,3,100.0,12.61,30.35,27.77,54622358.71,1.45285,18.978787,1.88,TNGX,296
49.84,VIGILAR,2026-09-25,2026-08-07,35,2026-08-12,2026-09-04,18,99.849998,103.344748,3.5,107.900002,107.290001,0.06,8.06,4.41,False,0,11,3,15,3.33,2,2,100.0,7.7,14.98,117.440002,451527983.42,3.526,98.851498,1.0,EBAY,297
49.76,VIGILAR,2026-09-25,2026-07-17,50,2026-07-21,2026-09-10,37,77.879997,80.605797,3.5,87.720001,85.050003,2.38,12.63,8.83,False,0,11,5,9,2.7,3,4,75.0,8.44,12.32,88.82,39251612.25,2.8995,77.101197,1.0,SKY,298
49.76,VIGILAR,2026-09-25,2026-04-21,110,2026-05-06,2026-06-29,37,723.679993,749.008792,3.5,866.640015,858.76001,-0.31,19.75,15.7,False,0,60,5,18,2.7,3,4,75.0,8.13,27.32,995.690002,768034642.33,20.403497,716.443193,1.0,MCK,299
49.56,VIGILAR,2026-09-25,2026-04-21,110,2026-05-04,2026-06-02,21,29.41,30.43935,3.5,31.73,31.059999,1.54,7.89,4.24,False,0,78,3,10,2.86,2,2,100.0,11.18,15.78,34.919998,22667075.52,0.7026,29.1159,1.0,SMA,300
49.54,REBOTE_RECIENTE,2026-09-25,2026-08-21,25,2026-08-31,2026-09-17,13,12.06,12.4821,3.5,13.24,12.86,1.15,9.78,6.07,False,0,4,3,8,4.62,2,2,100.0,8.71,25.37,16.16,25043459.66,0.57425,11.916438,1.19,SRAD,301
49.37,VIGILAR,2026-09-25,2026-07-17,50,2026-07-28,2026-09-01,26,82.480003,85.366803,3.5,90.110001,89.849998,-0.3,9.25,5.56,False,0,17,5,13,3.85,2,4,50.0,11.69,41.83,141.800003,245575878.8,2.755001,81.655203,1.0,ECHO,302
49.0,VIGILAR,2026-09-25,2026-08-21,25,2026-09-01,2026-09-17,12,78.269997,81.009447,3.5,87.589996,86.800003,-2.82,11.91,8.12,False,0,4,3,7,5.0,2,2,100.0,19.11,29.67,111.290001,2075824167.35,5.1508,76.982297,1.65,CRWV,303
48.93,VIGILAR,2026-09-25,2026-07-17,50,2026-07-31,2026-09-18,35,116.050003,120.111753,3.5,129.029999,125.639999,1.9,11.18,7.42,False,0,5,4,14,2.29,3,3,100.0,12.47,29.88,165.509995,23165547.6,4.278502,114.889503,1.0,HWKN,304
48.88,REBOTE_RECIENTE,2026-09-25,2026-08-21,25,2026-08-31,2026-09-14,10,104.150002,107.795252,3.5,113.989998,110.720001,2.52,9.45,5.75,False,0,5,3,11,6.0,2,2,100.0,6.5,23.48,136.110001,419321064.7,3.939,103.108502,1.0,UAL,305
48.41,VIGILAR,2026-09-25,2026-08-21,25,2026-08-21,2026-09-15,17,342.529999,354.518549,3.5,372.109985,367.670013,-1.54,8.64,4.96,False,0,8,3,11,3.53,2,2,100.0,9.49,19.46,425.299988,12431870343.44,13.503,339.104699,1.0,TSLA,306
48.33,VIGILAR,2026-09-25,2026-07-17,50,2026-07-29,2026-09-09,30,7.41,7.66935,3.5,8.26,7.93,2.99,11.47,7.7,False,0,7,4,13,2.67,3,3,100.0,9.99,30.68,10.69,4802956.12,0.268,7.3359,1.0,SSYS,307
48.2,REBOTE_RECIENTE,2026-09-25,2026-05-19,90,2026-05-19,2026-09-18,85,133.839996,138.524396,3.5,141.509995,139.720001,0.83,5.73,2.16,False,0,4,3,12,0.71,2,2,100.0,17.2,18.5,164.220001,331087780.35,3.592498,132.501596,1.0,DHI,308
48.19,REBOTE_RECIENTE,2026-09-25,2026-06-17,70,2026-07-15,2026-09-18,47,23.26,24.0741,3.5,24.860001,24.52,0.97,6.88,3.26,False,0,4,3,15,1.28,2,2,100.0,13.42,13.95,27.030001,24069617.38,0.6165,23.0274,1.0,CAE,309
48.14,VIGILAR,2026-09-25,2026-06-17,70,2026-06-17,2026-07-09,15,83.720001,86.650201,3.5,91.040001,89.239998,1.51,8.74,5.07,False,0,55,3,5,4.0,2,2,100.0,8.75,13.26,96.519997,169088053.31,2.937001,82.882801,1.0,ZBH,310
48.11,VIGILAR,2026-09-25,2026-07-17,50,2026-07-23,2026-09-08,33,5919.25,6126.42375,3.5,6297.600098,6218.52002,1.0,6.39,2.79,False,0,10,3,7,1.82,2,2,100.0,8.94,13.32,6828.620117,235409973.73,132.60603,5860.0575,1.0,NVR,311
48.06,VIGILAR,2026-09-25,2026-06-17,70,2026-06-17,2026-09-15,62,15.71,16.25985,3.5,17.9,17.15,3.83,13.94,10.09,False,0,7,5,9,1.61,4,4,100.0,21.67,13.01,18.059999,70086419.14,0.94,15.475,1.5,KSS,312
47.91,VIGILAR,2026-09-25,2026-08-07,35,2026-08-07,2026-09-15,27,14.7,15.2145,3.5,15.77,15.685,-0.63,7.28,3.65,False,0,8,3,6,2.22,2,2,100.0,10.33,18.06,17.940001,20198141.1,0.5139,14.553,1.0,GRND,313
47.9,VIGILAR,2026-09-25,2026-06-17,70,2026-06-17,2026-07-31,31,8.165,8.450775,3.5,9.38,9.23,-1.47,14.88,11.0,False,0,39,4,10,2.58,3,3,100.0,9.24,27.49,11.26,23542954.25,0.3145,8.08335,1.0,ADMA,314
47.84,VIGILAR,2026-09-25,2026-08-07,35,2026-08-07,2026-09-15,27,20.695,21.419325,3.5,22.290001,21.809999,1.09,7.71,4.06,False,0,6,3,5,2.22,2,2,100.0,13.88,23.89,27.190001,8361148.75,0.91225,20.466937,1.1,AAUC,315
47.82,VIGILAR,2026-09-25,2026-04-21,110,2026-04-30,2026-09-14,94,164.600006,170.361006,3.5,187.919998,186.020004,0.43,14.17,10.31,False,0,5,5,13,1.06,4,4,100.0,21.3,14.94,193.5,1668122535.53,7.438502,162.740381,1.13,KLAC,316
47.73,VIGILAR,2026-09-25,2026-08-21,25,2026-08-24,2026-09-14,15,9.54,9.8739,3.5,10.39,10.32,-0.38,8.91,5.23,False,0,8,3,6,4.0,2,2,100.0,13.1,35.63,14.82,816336751.22,0.4785,9.420375,1.25,NOK,317
47.66,VIGILAR,2026-09-25,2026-08-21,25,2026-08-24,2026-09-14,15,593.700012,614.479513,3.5,649.130005,643.0,0.87,9.34,5.64,False,0,6,3,12,4.0,2,2,100.0,7.83,19.79,740.140015,518216932.13,20.42601,587.763012,1.0,PWR,318
47.62,VIGILAR,2026-09-25,2026-08-07,35,2026-08-07,2026-08-24,12,3.91,4.04685,3.5,4.26,4.16,1.67,8.95,5.27,False,0,21,3,7,5.0,2,2,100.0,22.29,32.59,5.8,3082574.62,0.1957,3.861075,1.25,ASTL,319
47.5,VIGILAR,2026-09-25,2026-05-19,90,2026-05-19,2026-06-25,26,22.93,23.73255,3.5,26.09,25.83,-1.32,13.78,9.93,False,0,62,5,17,3.85,2,4,50.0,8.1,15.32,27.08,16381369.74,0.8253,22.7007,1.0,GNK,320
47.5,VIGILAR,2026-09-25,2026-04-21,110,2026-05-12,2026-06-03,16,90.0,93.15,3.5,119.779999,118.330002,1.03,33.09,28.59,False,0,79,5,12,6.25,2,4,50.0,7.13,22.36,115.919998,12946147.05,4.943,88.76425,1.37,OPY,321
47.5,VIGILAR,2026-09-25,2026-08-07,35,2026-08-19,2026-09-14,18,327.839996,339.314396,3.5,367.440002,361.380005,1.69,12.08,8.29,False,0,5,4,15,4.44,2,3,66.7,8.41,12.37,374.100006,170965884.54,11.999998,324.561596,1.0,WCC,322
47.5,VIGILAR,2026-09-25,2026-07-17,50,2026-07-23,2026-09-04,32,2.13,2.20455,3.5,2.51,2.415,3.72,17.84,13.86,False,0,11,4,10,2.5,3,3,100.0,10.19,15.48,2.52,5741021.51,0.10435,2.103913,1.22,NXDR,323
47.5,VIGILAR,2026-09-25,2026-08-21,25,2026-08-21,2026-09-14,16,75.75,78.40125,3.5,84.089996,83.480003,1.22,11.01,7.26,False,0,5,3,10,3.75,2,2,100.0,8.26,14.08,88.160004,927536250.05,2.737749,74.9925,1.0,APH,324
47.48,VIGILAR,2026-09-25,2026-05-19,90,2026-06-05,2026-09-18,73,22.125,22.899375,3.5,26.709999,25.49,1.67,20.72,16.64,False,0,2,4,7,1.1,3,3,100.0,13.79,25.13,29.549999,69299526.29,1.40845,21.772887,1.59,WRBY,325
47.46,VIGILAR,2026-09-25,2026-04-21,110,2026-04-29,2026-08-04,67,6.65,6.88275,3.5,8.44,8.41,-2.31,26.92,22.63,False,0,37,5,7,1.49,4,4,100.0,21.86,42.42,11.55,72829426.83,0.49975,6.525063,1.88,IBRX,326
47.43,REBOTE_RECIENTE,2026-09-25,2026-06-17,70,2026-06-24,2026-09-23,64,70.239998,72.698398,3.5,75.650002,75.029999,-0.71,7.7,4.06,False,0,2,3,13,0.94,2,2,100.0,22.58,22.65,90.809998,43784370.97,2.815099,69.536223,1.0,VVX,327
47.4,VIGILAR,2026-09-25,2026-06-17,70,2026-07-08,2026-07-17,8,86.720001,89.755201,3.5,94.559998,93.559998,0.1,9.04,5.35,False,0,47,3,6,7.5,2,2,100.0,5.12,22.6,112.040001,165030940.85,2.118501,85.852801,1.0,RIO,328
47.38,VIGILAR,2026-09-25,2026-07-17,50,2026-07-17,2026-08-11,18,174.5,180.6075,3.5,190.289993,184.440002,0.34,9.05,5.36,False,0,31,4,11,4.44,2,3,66.7,12.56,18.99,215.399994,91947289.75,5.843499,172.755,1.0,COKE,329
47.38,VIGILAR,2026-09-25,2026-06-17,70,2026-06-18,2026-07-23,24,82.267998,85.147378,3.5,89.709999,89.620003,-0.71,9.05,5.36,False,0,45,4,9,3.33,2,3,66.7,10.9,26.47,111.879997,247568091.26,2.995,81.445318,1.0,ZM,330
47.33,REBOTE_RECIENTE,2026-09-25,2026-07-17,50,2026-08-04,2026-09-03,23,2.8,2.898,3.5,3.06,3.0,1.32,9.29,5.59,False,0,5,3,13,2.61,2,2,100.0,10.9,48.05,5.39,2406900.49,0.07823,2.772,1.0,SITC,331
47.2,VIGILAR,2026-09-25,2026-07-17,50,2026-07-17,2026-08-05,14,362.980011,375.684311,3.5,396.089996,394.690002,-0.54,9.12,5.43,False,0,36,4,8,5.71,2,3,66.7,7.74,14.95,426.790009,472956088.98,10.160001,359.350211,1.0,ELV,332
47.14,VIGILAR,2026-09-25,2026-07-17,50,2026-07-17,2026-07-31,11,59.830002,61.924052,3.5,65.300003,64.43,0.65,9.14,5.45,False,0,39,3,9,5.45,2,2,100.0,6.61,10.46,66.82,16811212.28,1.57,59.231702,1.0,JOE,333
46.96,REBOTE_RECIENTE,2026-09-25,2026-05-19,90,2026-05-29,2026-09-09,71,95.690002,99.039153,3.5,103.029999,101.040001,1.95,7.67,4.03,False,0,3,4,22,1.13,2,3,66.7,13.32,18.25,117.050003,9499122.28,2.7425,94.733102,1.0,OMAB,334
46.8,VIGILAR,2026-09-25,2026-05-19,90,2026-06-11,2026-08-05,38,65.410004,67.699354,3.5,69.620003,68.795998,0.58,6.44,2.84,False,0,36,3,5,1.58,2,2,100.0,13.12,17.38,79.169998,1262466004.97,1.96225,64.755904,1.0,UBER,335
46.76,VIGILAR,2026-09-25,2026-04-21,110,2026-04-23,2026-06-10,34,4.01,4.15035,3.5,4.85,4.84,-0.61,20.95,16.86,False,0,73,4,9,2.35,3,3,100.0,13.22,15.58,4.75,21659321.88,0.0895,3.9699,1.0,ABUS,336
46.62,VIGILAR,2026-09-25,2026-06-17,70,2026-06-26,2026-09-11,54,696.190002,720.556653,3.5,735.0,730.52002,-0.64,5.57,2.0,False,0,9,3,14,1.11,2,2,100.0,14.4,23.76,913.200012,50048081.99,14.4785,689.228102,1.0,ESLT,337
46.09,VIGILAR,2026-09-25,2026-08-07,35,2026-08-11,2026-09-14,24,14.36,14.8626,3.5,15.59,15.19,0.19,8.57,4.89,False,0,7,3,7,2.5,2,2,100.0,12.49,13.44,16.59,2579520.0,0.6485,14.197875,1.13,USAU,338
46.03,VIGILAR,2026-09-25,2026-08-07,35,2026-08-20,2026-09-09,14,72.169998,74.695948,3.5,79.089996,76.279999,2.93,9.59,5.88,False,0,11,3,6,4.29,2,2,100.0,12.6,39.43,119.160004,37936032.99,3.403001,71.319248,1.18,ALGT,339
46.0,VIGILAR,2026-09-25,2026-08-21,25,2026-08-24,2026-09-14,15,270.769989,280.246939,3.5,301.519989,293.899994,0.83,11.36,7.59,False,0,6,4,10,5.33,2,3,66.7,5.48,16.07,322.609985,62560893.44,8.465004,268.062289,1.0,LGND,340
45.96,VIGILAR,2026-09-25,2026-08-07,35,2026-08-10,2026-09-10,23,30.0,31.05,3.5,32.77,32.5,-1.65,9.23,5.54,False,0,6,3,13,2.61,2,2,100.0,12.66,18.72,36.91,32082845.72,1.15575,29.7,1.0,GDS,341
45.69,VIGILAR,2026-09-25,2026-07-17,50,2026-07-17,2026-09-09,38,138.309998,143.150847,3.5,152.050003,152.029999,-4.1,9.93,6.22,False,0,10,4,11,2.11,3,3,100.0,15.92,35.49,214.389999,228717297.24,8.785001,136.113747,1.59,AVAV,342
45.21,VIGILAR,2026-09-25,2026-04-21,110,2026-04-23,2026-09-09,96,36.849998,38.139748,3.5,42.68,41.189999,2.72,15.82,11.9,False,0,11,5,13,1.04,4,4,100.0,11.43,32.76,54.799999,213823213.6,1.208999,36.481498,1.0,LUV,343
45.14,VIGILAR,2026-09-25,2026-07-17,50,2026-07-17,2026-09-16,43,188.080002,194.662802,3.5,206.259995,203.509995,-3.6,9.67,5.96,False,0,7,4,15,1.86,3,3,100.0,6.66,13.18,216.630005,155474763.31,6.209,186.199202,1.0,ITT,344
45.07,REBOTE_RECIENTE,2026-09-25,2026-07-17,50,2026-07-21,2026-09-10,37,967.580017,1001.445318,3.5,1047.060059,1017.669983,2.49,8.21,4.55,False,0,5,3,12,1.62,2,2,100.0,13.71,15.09,1139.51001,449562962.54,28.800504,957.904217,1.0,URI,345
45.0,VIGILAR,2026-09-25,2026-07-17,50,2026-07-17,2026-08-04,13,42.040001,43.511401,3.5,47.049999,47.009998,-3.78,11.92,8.13,False,0,34,4,9,6.15,2,3,66.7,6.05,17.55,50.990002,566152099.62,1.4175,41.619601,1.0,DVN,346
45.0,VIGILAR,2026-09-25,2026-08-07,35,2026-08-19,2026-09-14,18,537.72998,556.55053,3.5,606.559998,602.219971,1.01,12.8,8.99,False,0,7,4,13,4.44,2,3,66.7,6.75,19.61,668.909973,3422943894.98,15.111005,532.352681,1.0,SMH,347
45.0,VIGILAR,2026-09-25,2026-04-21,110,2026-05-13,2026-06-08,18,114.099998,118.093498,3.5,130.240005,129.880005,0.36,14.15,10.29,False,0,76,4,7,4.44,2,3,66.7,9.66,11.69,129.199997,15300471.11,3.661501,112.958998,1.0,NBN,348
45.0,VIGILAR,2026-09-25,2026-07-17,50,2026-07-17,2026-09-11,40,20.0,20.7,3.5,23.25,22.91,0.35,16.25,12.32,False,0,8,4,8,2.0,3,3,100.0,17.79,61.26,51.630001,19225822.99,1.3599,19.660025,1.7,BKSY,349
45.0,VIGILAR,2026-09-25,2026-06-17,70,2026-06-23,2026-07-23,22,72.110001,74.633851,3.5,85.690002,85.339996,-0.19,18.83,14.81,False,0,44,4,6,3.64,2,3,66.7,10.38,13.05,82.93,132674378.14,1.611501,71.388901,1.0,IFF,350
45.0,VIGILAR,2026-09-25,2026-08-21,25,2026-08-24,2026-09-16,17,887.609985,918.676335,3.5,1082.280029,1073.0,0.16,21.93,17.81,False,0,7,4,6,4.71,2,3,66.7,10.79,26.86,1213.560059,23505784694.16,43.463004,876.744234,1.22,MU,351
45.0,VIGILAR,2026-09-25,2026-06-17,70,2026-06-18,2026-07-20,21,15.41,15.94935,3.5,18.83,18.709999,-1.15,22.19,18.06,False,0,44,4,11,3.81,2,3,66.7,10.86,38.63,25.110001,48538593.61,0.8445,15.198875,1.37,OCTV,352
45.0,VIGILAR,2026-09-25,2026-04-21,110,2026-04-22,2026-05-15,18,294.470001,304.776451,3.5,387.799988,382.519989,1.32,31.69,27.24,False,0,88,4,14,4.44,2,3,66.7,11.21,15.77,349.600006,81117730.95,10.741501,291.525301,1.0,MOG-A,353
45.0,VIGILAR,2026-09-25,2026-08-07,35,2026-08-07,2026-09-02,19,31.379999,32.478299,3.5,34.560001,34.200001,0.0,10.13,6.41,False,0,15,3,6,3.16,2,2,100.0,16.21,12.83,36.0,18583662.4,1.186,31.066199,1.0,AMN,354
45.0,VIGILAR,2026-09-25,2026-08-21,25,2026-08-25,2026-09-14,14,1505.72998,1558.43053,3.5,1658.910034,1625.01001,0.94,10.17,6.45,False,0,9,3,7,4.29,2,2,100.0,9.5,27.14,2066.51001,477492356.63,66.864484,1489.01386,1.11,FIX,355
45.0,VIGILAR,2026-09-25,2026-08-21,25,2026-08-31,2026-09-14,10,384.130005,397.574555,3.5,423.329987,421.140015,-1.51,10.2,6.48,False,0,7,3,10,6.0,2,2,100.0,8.68,20.1,480.769989,27390630.18,18.766002,379.438504,1.22,PLPC,356
45.0,VIGILAR,2026-09-25,2026-07-17,50,2026-07-20,2026-08-04,12,4.88,5.0508,3.5,5.38,5.29,-0.92,10.25,6.52,False,0,37,3,6,5.0,2,2,100.0,9.13,35.62,7.58,234759732.22,0.2455,4.818625,1.26,RIG,357
45.0,VIGILAR,2026-09-25,2026-07-17,50,2026-07-17,2026-08-06,15,21.33,22.07655,3.5,23.549999,23.084999,-0.93,10.41,6.67,False,0,35,3,7,4.0,2,2,100.0,8.66,35.56,33.099998,6733835.49,0.7725,21.1167,1.0,GLIBK,358
45.0,VIGILAR,2026-09-25,2026-08-21,25,2026-08-28,2026-09-16,13,55.700001,57.649501,3.5,61.810001,61.02,1.23,10.97,7.22,False,0,7,3,5,4.62,2,2,100.0,13.37,37.32,88.860001,515220884.45,3.9571,54.710726,1.78,ASTS,359
45.0,VIGILAR,2026-09-25,2026-05-19,90,2026-05-29,2026-06-24,18,57.049999,59.046749,3.5,63.43,62.080002,-0.33,11.18,7.42,False,0,64,3,7,3.33,2,2,100.0,10.41,18.66,70.139999,7824958.53,2.043,56.479499,1.0,CQP,360
45.0,VIGILAR,2026-09-25,2026-07-17,50,2026-07-17,2026-08-13,20,2.75,2.84625,3.5,3.06,3.0,0.66,11.27,7.51,False,0,30,3,10,3.0,2,2,100.0,17.73,15.64,3.26,10534738.37,0.14445,2.713888,1.31,ALT,361
45.0,VIGILAR,2026-09-25,2026-07-17,50,2026-07-20,2026-08-04,12,72.790001,75.337651,3.5,80.989998,79.644997,-0.98,11.27,7.5,False,0,37,3,6,5.0,2,2,100.0,8.84,35.82,113.419998,104809363.14,3.57415,71.896463,1.23,VAL,362
45.0,VIGILAR,2026-09-25,2026-06-17,70,2026-06-18,2026-07-01,9,63.540001,65.763901,3.5,70.989998,70.0,0.06,11.72,7.95,False,0,59,3,8,6.67,2,2,100.0,5.78,17.47,76.989998,211629863.12,2.2175,62.904601,1.0,FTI,363
45.0,VIGILAR,2026-09-25,2026-08-21,25,2026-09-01,2026-09-14,9,329.570007,341.104958,3.5,368.230011,365.440002,0.39,11.73,7.95,False,0,7,3,5,6.67,2,2,100.0,10.26,43.48,583.099976,175396901.35,14.503999,325.944007,1.1,NVMI,364
45.0,VIGILAR,2026-09-25,2026-06-17,70,2026-07-08,2026-07-29,16,96.370003,99.742953,3.5,108.330002,106.919998,0.34,12.41,8.61,False,0,38,3,9,3.75,2,2,100.0,7.34,27.45,132.830002,172819376.64,3.266,95.406303,1.0,XME,365
45.0,VIGILAR,2026-09-25,2026-08-21,25,2026-08-24,2026-09-14,15,139.25,144.12375,3.5,156.740005,154.199997,1.68,12.56,8.75,False,0,7,3,7,4.0,2,2,100.0,17.13,45.54,255.690002,1230902762.29,7.451998,137.387,1.34,GLW,366
45.0,VIGILAR,2026-09-25,2026-06-17,70,2026-06-17,2026-07-08,14,19.93,20.62755,3.5,22.6,22.424999,0.44,13.4,9.56,False,0,55,3,7,4.29,2,2,100.0,7.0,11.97,22.639999,5717308.87,0.4927,19.7307,1.0,NBBK,367
45.0,VIGILAR,2026-09-25,2026-05-19,90,2026-05-19,2026-06-08,14,289.859985,300.005085,3.5,329.100006,320.51001,2.72,13.54,9.7,False,0,76,3,8,4.29,2,2,100.0,6.74,16.12,345.549988,534462640.51,7.281499,286.961385,1.0,SHW,368
45.0,VIGILAR,2026-09-25,2026-06-17,70,2026-06-17,2026-07-14,18,44.060001,45.602101,3.5,50.43,50.259998,-0.59,14.46,10.59,False,0,45,3,11,3.33,2,2,100.0,6.28,10.39,49.169998,326938039.46,1.018,43.619401,1.0,FAST,369
45.0,VIGILAR,2026-09-25,2026-08-21,25,2026-08-28,2026-09-14,11,172.839996,178.889396,3.5,198.070007,195.270004,0.57,14.6,10.72,False,0,7,3,9,5.45,2,2,100.0,11.4,41.88,297.369995,219102348.2,9.260498,170.524872,1.34,MOD,370
45.0,VIGILAR,2026-09-25,2026-08-21,25,2026-09-01,2026-09-14,9,10.14,10.4949,3.5,11.62,11.545,0.17,14.6,10.72,False,0,7,3,8,6.67,2,2,100.0,10.44,25.39,13.59,130365887.12,0.67035,9.972413,1.65,RDW,371
45.0,VIGILAR,2026-09-25,2026-08-21,25,2026-08-24,2026-09-11,14,125.900002,130.306502,3.5,145.539993,145.130005,-2.97,15.6,11.69,False,0,10,3,6,4.29,2,2,100.0,10.11,18.1,153.720001,70524325.64,5.627499,124.493127,1.12,CVLT,372
45.0,VIGILAR,2026-09-25,2026-08-07,35,2026-08-12,2026-09-02,16,39.880001,41.275801,3.5,46.25,46.209999,-3.55,15.97,12.05,False,0,16,3,7,3.75,2,2,100.0,12.23,17.24,48.189999,81110832.22,1.89815,39.405464,1.19,VRNS,373
45.0,VIGILAR,2026-09-25,2026-08-21,25,2026-08-21,2026-09-11,15,38.52,39.8682,3.5,44.709999,44.689999,-4.16,16.07,12.14,False,0,10,3,6,4.0,2,2,100.0,10.36,13.36,44.459999,61790475.83,1.58005,38.124988,1.03,BUG,374
45.0,VIGILAR,2026-09-25,2026-08-21,25,2026-09-02,2026-09-14,8,24.309999,25.160849,3.5,28.450001,27.370001,3.15,17.03,13.07,False,0,9,3,5,7.5,2,2,100.0,8.18,29.5,34.48,22087841.99,1.3285,23.977875,1.37,LIND,375
45.0,VIGILAR,2026-09-25,2026-08-21,25,2026-08-24,2026-09-14,15,489.209991,506.332341,3.5,572.679993,567.349976,1.17,17.06,13.1,False,0,7,3,7,4.0,2,2,100.0,7.62,25.31,655.01001,3483420643.25,15.791008,484.317892,1.0,SOXX,376
45.0,VIGILAR,2026-09-25,2026-08-21,25,2026-08-21,2026-09-03,10,225.580002,233.475302,3.5,264.959991,255.949997,3.44,17.46,13.49,False,0,15,3,7,6.0,2,2,100.0,11.68,24.15,297.390015,61923171.16,10.098003,223.055501,1.12,MTRN,377
45.0,VIGILAR,2026-09-25,2026-08-07,35,2026-08-07,2026-08-31,17,76.699997,79.384497,3.5,90.510002,88.629997,-0.54,18.01,14.01,False,0,17,3,4,3.53,2,2,100.0,11.88,14.94,90.169998,350061635.93,3.148001,75.912997,1.03,BBY,378
45.0,VIGILAR,2026-09-25,2026-08-21,25,2026-08-21,2026-09-14,16,306.85199,317.591809,3.5,362.149994,358.700012,1.29,18.02,14.03,False,0,7,3,9,3.75,2,2,100.0,7.72,17.81,373.339996,324166765.1,10.158604,303.78347,1.0,KEYS,379
45.0,VIGILAR,2026-09-25,2026-08-07,35,2026-08-11,2026-09-08,20,16.559999,17.139599,3.5,19.77,19.330999,-0.18,19.38,15.35,False,0,7,3,10,3.0,2,2,100.0,8.93,13.3,19.1,34274624.23,0.7934,16.361649,1.2,AMRX,380
45.0,VIGILAR,2026-09-25,2026-07-17,50,2026-07-31,2026-08-18,13,7.92,8.1972,3.5,9.48,9.325,-0.11,19.7,15.65,False,0,27,3,8,4.62,2,2,100.0,6.61,17.76,9.63,5483871.33,0.2506,7.8408,1.0,LAND,381
45.0,VIGILAR,2026-09-25,2026-08-21,25,2026-08-27,2026-09-09,9,70.019997,72.470697,3.5,84.25,82.900002,-0.23,20.32,16.25,False,0,10,3,8,6.67,2,2,100.0,11.54,14.63,82.019997,153247363.63,3.6353,69.111172,1.3,OLLI,382
45.0,VIGILAR,2026-09-25,2026-06-17,70,2026-06-29,2026-07-24,19,18.110001,18.743851,3.5,21.82,21.459999,0.6,20.49,16.41,False,0,44,3,6,3.16,2,2,100.0,11.9,33.59,27.27,144185156.12,0.929,17.877751,1.28,GAP,383
45.0,VIGILAR,2026-09-25,2026-07-17,50,2026-07-17,2026-07-28,8,7.3,7.5555,3.5,8.96,8.93,-2.18,22.74,18.59,False,0,40,3,5,7.5,2,2,100.0,10.87,41.08,12.39,52963139.09,0.37915,7.205213,1.3,QUBT,384
45.0,VIGILAR,2026-09-25,2026-05-19,90,2026-06-04,2026-06-29,17,443.600006,459.126006,3.5,545.200012,541.320007,-0.65,22.9,18.75,False,0,55,3,14,3.53,2,2,100.0,7.63,22.48,572.23999,306496404.91,17.454996,439.164006,1.0,ULTA,385
45.0,VIGILAR,2026-09-25,2026-08-21,25,2026-08-21,2026-09-14,16,35.779999,37.032299,3.5,44.310001,43.939999,1.86,23.84,19.65,False,0,8,3,10,3.75,2,2,100.0,11.68,20.7,45.119999,236812078.79,1.645,35.368749,1.15,ASX,386
45.0,VIGILAR,2026-09-25,2026-06-17,70,2026-06-25,2026-07-09,10,27.559999,28.524599,3.5,34.5,34.139999,-0.95,25.18,20.95,False,0,55,3,4,6.0,2,2,100.0,15.9,45.53,50.599998,35370863.81,1.75535,27.121162,1.59,GLOB,387
45.0,VIGILAR,2026-09-25,2026-04-21,110,2026-04-22,2026-05-04,9,1364.810059,1412.578411,3.5,1743.939941,1728.109985,1.24,27.78,23.46,False,0,100,3,6,6.67,2,2,100.0,6.42,10.59,1526.51001,2156777956.46,51.898511,1351.161958,1.0,ASML,388
45.0,VIGILAR,2026-09-25,2026-05-19,90,2026-06-11,2026-06-23,8,16.27,16.83945,3.5,21.129999,20.74,-1.17,29.87,25.48,False,0,66,3,5,7.5,2,2,100.0,8.36,14.37,19.0,5719433.06,0.89985,16.045038,1.38,STVN,389
45.0,VIGILAR,2026-09-25,2026-04-21,110,2026-05-04,2026-05-18,11,11.62,12.0267,3.5,17.469999,17.42,-1.47,50.34,45.26,False,0,88,3,5,5.45,2,2,100.0,13.01,30.83,16.799999,55898551.89,0.84265,11.409337,1.81,RLAY,390
44.81,VIGILAR,2026-09-25,2026-07-17,50,2026-07-28,2026-09-02,27,7.46,7.7211,3.5,8.21,8.04,-5.96,10.05,6.33,False,0,7,4,13,2.96,2,3,66.7,18.2,41.76,12.81,78455589.42,0.422,7.3545,1.41,BB,391
44.65,VIGILAR,2026-09-25,2026-07-17,50,2026-08-03,2026-09-09,27,153.410004,158.779354,3.5,166.580002,164.600006,1.23,8.58,4.91,False,0,10,3,10,2.22,2,2,100.0,8.67,21.39,195.149994,495613313.46,3.3575,151.875904,1.0,AZN,392
44.52,VIGILAR,2026-09-25,2026-07-17,50,2026-07-17,2026-09-15,42,362.549988,375.239237,3.5,425.76001,424.209991,0.2,17.43,13.46,False,0,7,4,9,1.9,3,3,100.0,9.01,32.18,534.559998,723165494.75,15.201501,358.749612,1.05,SNPS,393
44.37,REBOTE_RECIENTE,2026-09-25,2026-05-19,90,2026-05-19,2026-09-18,85,22.355,23.137425,3.5,23.950001,23.77,-0.5,7.13,3.51,False,0,5,4,11,0.94,2,3,66.7,17.88,19.73,27.85,64104138.81,0.79125,22.13145,1.0,NVST,394
44.31,VIGILAR,2026-09-25,2026-06-17,70,2026-06-22,2026-09-08,55,13.5,13.9725,3.5,14.74,14.2,2.65,9.19,5.49,False,0,11,4,10,1.45,3,3,100.0,12.79,14.61,15.81,44558360.38,0.4914,13.365,1.0,COLD,395
44.13,VIGILAR,2026-09-25,2026-05-19,90,2026-05-19,2026-07-21,43,389.019989,402.635689,3.5,456.880005,454.630005,0.43,17.44,13.47,False,0,45,5,19,2.33,2,4,50.0,8.82,17.78,473.119995,415420821.24,8.9515,385.129789,1.0,MSI,396
43.64,VIGILAR,2026-09-25,2026-04-21,110,2026-04-21,2026-05-20,22,112.860001,116.810101,3.5,129.479996,128.949997,-0.86,14.73,10.85,False,0,87,3,10,2.73,2,2,100.0,9.53,30.29,161.889999,42245646.11,3.962499,111.731401,1.0,BMI,397
43.64,VIGILAR,2026-09-25,2026-05-19,90,2026-05-19,2026-06-18,22,261.290009,270.435159,3.5,306.920013,304.309998,-0.95,17.46,13.49,False,0,67,3,13,2.73,2,2,100.0,7.6,27.78,361.799988,342264535.6,7.029999,258.677108,1.0,COR,398
43.64,VIGILAR,2026-09-25,2026-06-17,70,2026-06-22,2026-07-22,22,66.849998,69.189748,3.5,83.660004,83.5,-2.72,25.15,20.91,False,0,46,3,5,2.73,2,2,100.0,18.11,29.98,95.470001,86698776.68,4.957851,65.610536,1.85,MNDY,399
43.64,VIGILAR,2026-09-25,2026-06-17,70,2026-06-17,2026-07-20,22,8.01,8.29035,3.5,10.12,9.72,2.02,26.34,22.07,False,0,44,3,8,2.73,2,2,100.0,17.45,31.3,11.66,17302697.99,0.4675,7.893125,1.46,ATEC,400
43.64,VIGILAR,2026-09-25,2026-05-19,90,2026-05-19,2026-06-18,22,25.0,25.875,3.5,41.549999,39.880001,0.31,66.2,60.58,False,0,68,3,6,2.73,2,2,100.0,20.68,11.22,28.16,358591528.12,1.9249,24.518775,1.92,U,401
43.49,VIGILAR,2026-09-25,2026-04-21,110,2026-05-12,2026-09-17,89,12.966,13.41981,3.5,14.4,14.19,1.41,11.06,7.3,False,0,4,4,13,0.9,3,3,100.0,14.42,18.35,15.88,29588085.77,0.7721,12.772975,1.49,SGRY,402
43.04,VIGILAR,2026-09-25,2026-08-07,35,2026-08-07,2026-09-09,23,26.629999,27.562049,3.5,29.379999,29.299999,-3.23,10.33,6.6,False,0,7,3,12,2.61,2,2,100.0,9.0,13.57,30.809999,6625685.82,0.8435,26.363699,1.0,LKFT,403
43.0,VIGILAR,2026-09-25,2026-05-19,90,2026-05-19,2026-07-30,50,31.09,32.17815,3.5,34.540001,33.880001,-0.78,11.1,7.34,False,0,40,4,7,1.6,3,3,100.0,17.98,21.05,39.380001,44536551.41,1.012,30.7791,1.0,KBR,404
42.54,REBOTE_RECIENTE,2026-09-25,2026-05-19,90,2026-06-09,2026-09-21,72,12.12,12.5442,3.5,13.12,13.01,-5.07,8.25,4.59,False,0,4,3,5,0.83,2,2,100.0,27.68,48.27,23.43,35268199.8,0.7115,11.942125,1.47,CRK,405
42.5,VIGILAR,2026-09-25,2026-06-17,70,2026-06-17,2026-07-22,24,36.59,37.87065,3.5,42.139999,42.009998,-0.82,15.17,11.27,False,0,45,3,7,2.5,2,2,100.0,12.45,11.32,41.259998,5732727.05,0.938001,36.2241,1.0,UVE,406
42.02,VIGILAR,2026-09-25,2026-04-21,110,2026-04-29,2026-07-21,57,33.119999,34.279199,3.5,39.740002,39.25,1.27,19.99,15.93,False,0,44,4,7,1.4,3,3,100.0,9.31,16.47,39.650002,12463783.25,0.82725,32.788799,1.0,FSUN,407
42.0,VIGILAR,2026-09-25,2026-06-17,70,2026-06-17,2026-07-23,25,184.649994,191.112744,3.5,222.0,220.130005,0.05,20.23,16.16,False,0,45,3,7,2.4,2,2,100.0,13.81,19.96,230.699997,245734916.51,5.840002,182.803494,1.0,RMD,408
41.54,VIGILAR,2026-09-25,2026-08-07,35,2026-08-07,2026-09-14,26,6.82,7.0587,3.5,7.75,7.7,0.65,13.64,9.79,False,0,9,3,5,2.31,2,2,100.0,10.8,21.97,8.74,3448790.03,0.30225,6.744438,1.11,GTBIF,409
41.54,VIGILAR,2026-09-25,2026-04-21,110,2026-05-13,2026-06-18,26,169.630005,175.567055,3.5,213.740005,212.360001,-3.53,26.0,21.74,False,0,63,3,8,2.31,2,2,100.0,31.27,42.8,296.559998,317487122.01,13.133348,166.346668,1.94,HUBS,410
41.54,VIGILAR,2026-09-25,2026-04-21,110,2026-04-27,2026-06-02,26,412.269989,426.699439,3.5,526.190002,518.919983,0.73,27.63,23.32,False,0,79,3,13,2.31,2,2,100.0,8.2,17.41,499.170013,463733584.63,11.724995,408.147289,1.0,VRTX,411
41.11,VIGILAR,2026-09-25,2026-06-17,70,2026-06-18,2026-07-28,27,3.84,3.9744,3.5,4.53,4.47,-1.31,17.97,13.98,False,0,42,3,11,2.22,2,2,100.0,10.79,27.82,5.32,82593072.44,0.1655,3.798625,1.08,BTE,412
40.43,REBOTE_RECIENTE,2026-09-25,2026-06-17,70,2026-06-30,2026-09-21,58,77.699997,80.419497,3.5,85.080002,83.25,1.13,9.5,5.8,False,0,4,3,8,1.03,2,2,100.0,17.67,30.26,111.419998,85550479.15,3.603151,76.799209,1.16,WFRD,413
40.34,VIGILAR,2026-09-25,2026-05-19,90,2026-06-11,2026-07-23,29,47.919998,49.597198,3.5,57.849998,57.299999,0.28,20.72,16.64,False,0,45,3,9,2.07,2,2,100.0,9.68,31.05,69.5,126714700.86,1.514,47.440798,1.0,TRMB,414
40.08,VIGILAR,2026-09-25,2026-06-17,70,2026-06-17,2026-07-31,31,3.405,3.524175,3.5,3.74,3.71,-1.19,9.84,6.12,False,0,39,3,9,1.94,2,2,100.0,14.13,58.93,8.29,5031229.95,0.0662,3.37095,1.0,FULC,415
39.68,VIGILAR,2026-09-25,2026-05-19,90,2026-06-09,2026-07-23,31,254.0,262.89,3.5,291.609985,291.179993,-0.32,14.81,10.92,False,0,42,3,17,1.94,2,2,100.0,7.78,12.34,289.76001,39239283.83,4.446497,251.46,1.0,FDN,416
39.09,VIGILAR,2026-09-25,2026-07-17,50,2026-07-29,2026-09-14,33,868.25,898.63875,3.5,957.630005,943.392029,0.27,10.29,6.56,False,0,7,3,7,1.82,2,2,100.0,17.5,26.1,1174.859985,1763564716.09,35.278949,859.430263,1.02,GEV,417
38.11,VIGILAR,2026-09-25,2026-05-19,90,2026-05-19,2026-07-13,37,65.699997,67.999497,3.5,75.349998,74.099998,0.76,14.69,10.81,False,0,53,3,6,1.62,2,2,100.0,12.13,13.7,76.129997,73415297.84,2.522499,65.042997,1.0,URBN,418
37.97,VIGILAR,2026-09-25,2026-04-21,110,2026-05-12,2026-07-24,51,39.830002,41.224052,3.5,43.48,42.939999,-0.62,9.16,5.47,False,0,44,3,5,1.18,2,2,100.0,15.18,19.32,49.369999,8901612.43,1.57525,39.431702,1.0,XPEL,419
37.69,VIGILAR,2026-09-25,2026-06-17,70,2026-06-23,2026-08-17,39,20.42,21.1347,3.5,23.01,22.66,-2.87,12.68,8.87,False,0,27,3,13,1.54,2,2,100.0,12.79,17.53,24.76,203799113.05,1.115,20.14125,1.37,MOS,420
37.32,VIGILAR,2026-09-25,2026-05-19,90,2026-06-02,2026-07-30,41,91.419998,94.619698,3.5,101.190002,99.805,0.06,10.69,6.94,False,0,40,3,5,1.46,2,2,100.0,14.32,27.7,126.440002,129990083.34,2.638249,90.505798,1.0,TW,421
37.14,VIGILAR,2026-09-25,2026-07-17,50,2026-07-17,2026-09-15,42,27.219999,28.172699,3.5,30.389999,29.375,1.98,11.65,7.87,False,0,7,3,11,1.43,2,2,100.0,23.21,47.15,51.5,5745978.25,1.442,26.859499,1.32,IDR,422
36.82,VIGILAR,2026-09-25,2026-06-17,70,2026-06-18,2026-08-20,44,366.929993,379.772542,3.5,443.059998,441.859985,-0.78,20.75,16.66,False,0,22,3,6,1.36,2,2,100.0,16.09,10.31,409.130005,207947400.74,13.857005,363.260693,1.0,FFIV,423
36.67,VIGILAR,2026-09-25,2026-06-17,70,2026-07-08,2026-09-09,45,41.134998,42.574723,3.5,46.41,45.900002,0.89,12.82,9.01,False,0,10,3,5,1.33,2,2,100.0,16.8,12.44,46.98,174363047.42,1.4605,40.723648,1.0,SW,424
36.25,VIGILAR,2026-09-25,2026-06-17,70,2026-07-02,2026-09-09,48,500.230011,517.738061,3.5,560.669983,560.669983,-0.43,12.08,8.29,False,0,11,3,4,1.25,2,2,100.0,20.17,51.8,1037.869995,87164565.38,25.519505,493.850135,1.28,UI,425
36.0,VIGILAR,2026-09-25,2026-04-21,110,2026-05-12,2026-07-23,50,65.43,67.72005,3.5,78.610001,78.43,-1.9,20.14,16.08,False,0,44,3,13,1.2,2,2,100.0,20.02,14.93,76.910004,51934013.81,3.052499,64.666876,1.17,DSGX,426
35.17,VIGILAR,2026-09-25,2026-04-21,110,2026-05-04,2026-07-27,58,189.800003,196.443003,3.5,225.070007,223.130005,0.22,18.58,14.57,False,0,39,3,16,1.03,2,2,100.0,17.21,12.38,216.610001,23480444470.26,5.957497,187.902003,1.0,NVDA,427
34.84,VIGILAR,2026-09-25,2026-04-21,110,2026-04-29,2026-07-28,62,296.820007,307.208708,3.5,398.380005,388.380005,2.75,34.22,29.68,False,0,42,3,3,0.97,2,2,100.0,44.69,29.0,418.079987,867215235.7,19.096498,292.045883,1.61,TER,428
